Copyright 1986-2020 Xilinx, Inc. All Rights Reserved.
---------------------------------------------------------------------------------------------------------------------------------------
| Tool Version : Vivado v.2020.2 (win64) Build 3064766 Wed Nov 18 09:12:45 MST 2020
| Date         : Tue Sep 29 10:35:20 2026
| Host         : PC_de_Yassine running 64-bit major release  (build 9200)
| Command      : report_timing_summary -file C:/Users/yassi/Formation_FPGA_Yassine_Aouini/soc_tracking/v2/export/timing_summary_v2.rpt
| Design       : design_1_wrapper
| Device       : 7z010-clg400
| Speed File   : -1  PRODUCTION 1.12 2019-11-22
---------------------------------------------------------------------------------------------------------------------------------------

Timing Summary Report

------------------------------------------------------------------------------------------------
| Timer Settings
| --------------
------------------------------------------------------------------------------------------------

  Enable Multi Corner Analysis               :  Yes
  Enable Pessimism Removal                   :  Yes
  Pessimism Removal Resolution               :  Nearest Common Node
  Enable Input Delay Default Clock           :  No
  Enable Preset / Clear Arcs                 :  No
  Disable Flight Delays                      :  No
  Ignore I/O Paths                           :  No
  Timing Early Launch at Borrowing Latches   :  No
  Borrow Time for Max Delay Exceptions       :  Yes
  Merge Timing Exceptions                    :  Yes

  Corner  Analyze    Analyze    
  Name    Max Paths  Min Paths  
  ------  ---------  ---------  
  Slow    Yes        Yes        
  Fast    Yes        Yes        



check_timing report

Table of Contents
-----------------
1. checking no_clock (0)
2. checking constant_clock (0)
3. checking pulse_width_clock (0)
4. checking unconstrained_internal_endpoints (0)
5. checking no_input_delay (0)
6. checking no_output_delay (20)
7. checking multiple_clock (8142)
8. checking generated_clocks (0)
9. checking loops (0)
10. checking partial_input_delay (0)
11. checking partial_output_delay (0)
12. checking latch_loops (0)

1. checking no_clock (0)
------------------------
 There are 0 register/latch pins with no clock.


2. checking constant_clock (0)
------------------------------
 There are 0 register/latch pins with constant_clock.


3. checking pulse_width_clock (0)
---------------------------------
 There are 0 register/latch pins which need pulse_width check


4. checking unconstrained_internal_endpoints (0)
------------------------------------------------
 There are 0 pins that are not constrained for maximum delay.

 There are 0 pins that are not constrained for maximum delay due to constant clock.


5. checking no_input_delay (0)
------------------------------
 There are 0 input ports with no input delay specified.

 There are 0 input ports with no input delay but user has a false path constraint.


6. checking no_output_delay (20)
--------------------------------
 There are 20 ports with no output delay specified. (HIGH)

 There are 0 ports with no output delay but user has a false path constraint

 There are 0 ports with no output delay but with a timing clock defined on it or propagating through it


7. checking multiple_clock (8142)
---------------------------------
 There are 8142 register/latch pins with multiple clocks. (HIGH)


8. checking generated_clocks (0)
--------------------------------
 There are 0 generated clocks that are not connected to a clock source.


9. checking loops (0)
---------------------
 There are 0 combinational loops in the design.


10. checking partial_input_delay (0)
------------------------------------
 There are 0 input ports with partial input delay specified.


11. checking partial_output_delay (0)
-------------------------------------
 There are 0 ports with partial output delay specified.


12. checking latch_loops (0)
----------------------------
 There are 0 combinational latch loops in the design through latch input



------------------------------------------------------------------------------------------------
| Design Timing Summary
| ---------------------
------------------------------------------------------------------------------------------------

    WNS(ns)      TNS(ns)  TNS Failing Endpoints  TNS Total Endpoints      WHS(ns)      THS(ns)  THS Failing Endpoints  THS Total Endpoints     WPWS(ns)     TPWS(ns)  TPWS Failing Endpoints  TPWS Total Endpoints  
    -------      -------  ---------------------  -------------------      -------      -------  ---------------------  -------------------     --------     --------  ----------------------  --------------------  
      3.802        0.000                      0                47487        0.007        0.000                      0                47407        2.000        0.000                       0                 16324  


All user specified timing constraints are met.


------------------------------------------------------------------------------------------------
| Clock Summary
| -------------
------------------------------------------------------------------------------------------------

Clock                            Waveform(ns)         Period(ns)      Frequency(MHz)
-----                            ------------         ----------      --------------
clk_fpga_0                       {0.000 10.000}       20.000          50.000          
sys_clk_pin                      {0.000 4.000}        8.000           125.000         
  clk_out1_design_1_clk_pix_0_1  {0.000 19.862}       39.724          25.174          
  clkfbout_design_1_clk_pix_0_1  {0.000 28.000}       56.000          17.857          
sysclk                           {0.000 4.000}        8.000           125.000         
  clk_out1_design_1_clk_pix_0    {0.000 19.862}       39.724          25.174          
  clkfbout_design_1_clk_pix_0    {0.000 28.000}       56.000          17.857          


------------------------------------------------------------------------------------------------
| Intra Clock Table
| -----------------
------------------------------------------------------------------------------------------------

Clock                                WNS(ns)      TNS(ns)  TNS Failing Endpoints  TNS Total Endpoints      WHS(ns)      THS(ns)  THS Failing Endpoints  THS Total Endpoints     WPWS(ns)     TPWS(ns)  TPWS Failing Endpoints  TPWS Total Endpoints  
-----                                -------      -------  ---------------------  -------------------      -------      -------  ---------------------  -------------------     --------     --------  ----------------------  --------------------  
clk_fpga_0                             3.802        0.000                      0                21026        0.014        0.000                      0                21026        8.750        0.000                       0                  8176  
sys_clk_pin                                                                                                                                                                        2.000        0.000                       0                     1  
  clk_out1_design_1_clk_pix_0_1       18.758        0.000                      0                23705        0.152        0.000                      0                23705       18.612        0.000                       0                  8144  
  clkfbout_design_1_clk_pix_0_1                                                                                                                                                   44.000        0.000                       0                     3  
sysclk                                                                                                                                                                             2.000        0.000                       0                     1  
  clk_out1_design_1_clk_pix_0         18.756        0.000                      0                23705        0.152        0.000                      0                23705       18.612        0.000                       0                  8144  
  clkfbout_design_1_clk_pix_0                                                                                                                                                     44.000        0.000                       0                     3  


------------------------------------------------------------------------------------------------
| Inter Clock Table
| -----------------
------------------------------------------------------------------------------------------------

From Clock                     To Clock                           WNS(ns)      TNS(ns)  TNS Failing Endpoints  TNS Total Endpoints      WHS(ns)      THS(ns)  THS Failing Endpoints  THS Total Endpoints  
----------                     --------                           -------      -------  ---------------------  -------------------      -------      -------  ---------------------  -------------------  
clk_out1_design_1_clk_pix_0_1  clk_fpga_0                          38.298        0.000                      0                   40                                                                        
clk_out1_design_1_clk_pix_0    clk_fpga_0                          38.298        0.000                      0                   40                                                                        
clk_fpga_0                     clk_out1_design_1_clk_pix_0_1       18.612        0.000                      0                   40                                                                        
clk_out1_design_1_clk_pix_0    clk_out1_design_1_clk_pix_0_1       18.756        0.000                      0                23705        0.007        0.000                      0                23705  
clk_fpga_0                     clk_out1_design_1_clk_pix_0         18.612        0.000                      0                   40                                                                        
clk_out1_design_1_clk_pix_0_1  clk_out1_design_1_clk_pix_0         18.756        0.000                      0                23705        0.007        0.000                      0                23705  


------------------------------------------------------------------------------------------------
| Other Path Groups Table
| -----------------------
------------------------------------------------------------------------------------------------

Path Group                     From Clock                     To Clock                           WNS(ns)      TNS(ns)  TNS Failing Endpoints  TNS Total Endpoints      WHS(ns)      THS(ns)  THS Failing Endpoints  THS Total Endpoints  
----------                     ----------                     --------                           -------      -------  ---------------------  -------------------      -------      -------  ---------------------  -------------------  
**async_default**              clk_fpga_0                     clk_fpga_0                          15.931        0.000                      0                  636        0.253        0.000                      0                  636  
**async_default**              clk_out1_design_1_clk_pix_0    clk_out1_design_1_clk_pix_0         25.249        0.000                      0                 2040        0.222        0.000                      0                 2040  
**async_default**              clk_out1_design_1_clk_pix_0_1  clk_out1_design_1_clk_pix_0         25.249        0.000                      0                 2040        0.077        0.000                      0                 2040  
**async_default**              clk_out1_design_1_clk_pix_0    clk_out1_design_1_clk_pix_0_1       25.249        0.000                      0                 2040        0.077        0.000                      0                 2040  
**async_default**              clk_out1_design_1_clk_pix_0_1  clk_out1_design_1_clk_pix_0_1       25.251        0.000                      0                 2040        0.222        0.000                      0                 2040  


------------------------------------------------------------------------------------------------
| Timing Details
| --------------
------------------------------------------------------------------------------------------------


---------------------------------------------------------------------------------------------------
From Clock:  clk_fpga_0
  To Clock:  clk_fpga_0

Setup :            0  Failing Endpoints,  Worst Slack        3.802ns,  Total Violation        0.000ns
Hold  :            0  Failing Endpoints,  Worst Slack        0.014ns,  Total Violation        0.000ns
PW    :            0  Failing Endpoints,  Worst Slack        8.750ns,  Total Violation        0.000ns
---------------------------------------------------------------------------------------------------


Max Delay Paths
--------------------------------------------------------------------------------------
Slack (MET) :             3.802ns  (required time - arrival time)
  Source:                 design_1_i/ps7_0_axi_periph/s00_couplers/auto_us/inst/gen_upsizer.gen_full_upsizer.axi_upsizer_inst/USE_WRITE.gen_non_fifo_w_upsizer.write_data_inst/USE_REGISTER.M_AXI_WVALID_q_reg/C
                            (rising edge-triggered cell FDRE clocked by clk_fpga_0  {rise@0.000ns fall@10.000ns period=20.000ns})
  Destination:            design_1_i/ps7_0_axi_periph/s00_couplers/auto_us/inst/gen_upsizer.gen_full_upsizer.axi_upsizer_inst/USE_WRITE.gen_non_fifo_w_upsizer.write_data_inst/WORD_LANE[2].USE_ALWAYS_PACKER.BYTE_LANE[3].USE_RTL_DATA.USE_REGISTER.M_AXI_WDATA_I_reg[91]/CE
                            (rising edge-triggered cell FDRE clocked by clk_fpga_0  {rise@0.000ns fall@10.000ns period=20.000ns})
  Path Group:             clk_fpga_0
  Path Type:              Setup (Max at Slow Process Corner)
  Requirement:            20.000ns  (clk_fpga_0 rise@20.000ns - clk_fpga_0 rise@0.000ns)
  Data Path Delay:        15.627ns  (logic 2.713ns (17.361%)  route 12.914ns (82.639%))
  Logic Levels:           11  (LUT2=2 LUT3=2 LUT4=1 LUT5=4 LUT6=2)
  Clock Path Skew:        -0.064ns (DCD - SCD + CPR)
    Destination Clock Delay (DCD):    2.684ns = ( 22.684 - 20.000 ) 
    Source Clock Delay      (SCD):    2.978ns
    Clock Pessimism Removal (CPR):    0.230ns
  Clock Uncertainty:      0.302ns  ((TSJ^2 + TIJ^2)^1/2 + DJ) / 2 + PE
    Total System Jitter     (TSJ):    0.071ns
    Total Input Jitter      (TIJ):    0.600ns
    Discrete Jitter          (DJ):    0.000ns
    Phase Error              (PE):    0.000ns

    Location             Delay type                Incr(ns)  Path(ns)    Netlist Resource(s)
  -------------------------------------------------------------------    -------------------
                         (clock clk_fpga_0 rise edge)
                                                      0.000     0.000 r  
    PS7_X0Y0             PS7                          0.000     0.000 r  design_1_i/processing_system7_0/inst/PS7_i/FCLKCLK[0]
                         net (fo=1, routed)           1.207     1.207    design_1_i/processing_system7_0/inst/FCLK_CLK_unbuffered[0]
    BUFGCTRL_X0Y0        BUFG (Prop_bufg_I_O)         0.101     1.308 r  design_1_i/processing_system7_0/inst/buffer_fclk_clk_0.FCLK_CLK_0_BUFG/O
                         net (fo=8177, routed)        1.670     2.978    design_1_i/ps7_0_axi_periph/s00_couplers/auto_us/inst/gen_upsizer.gen_full_upsizer.axi_upsizer_inst/USE_WRITE.gen_non_fifo_w_upsizer.write_data_inst/USE_RTL_LENGTH.length_counter_q_reg[0]_0
    SLICE_X7Y55          FDRE                                         r  design_1_i/ps7_0_axi_periph/s00_couplers/auto_us/inst/gen_upsizer.gen_full_upsizer.axi_upsizer_inst/USE_WRITE.gen_non_fifo_w_upsizer.write_data_inst/USE_REGISTER.M_AXI_WVALID_q_reg/C
  -------------------------------------------------------------------    -------------------
    SLICE_X7Y55          FDRE (Prop_fdre_C_Q)         0.456     3.434 r  design_1_i/ps7_0_axi_periph/s00_couplers/auto_us/inst/gen_upsizer.gen_full_upsizer.axi_upsizer_inst/USE_WRITE.gen_non_fifo_w_upsizer.write_data_inst/USE_REGISTER.M_AXI_WVALID_q_reg/Q
                         net (fo=41, routed)          1.164     4.598    design_1_i/ps7_0_axi_periph/xbar/inst/gen_samd.crossbar_samd/gen_slave_slots[0].gen_si_write.wdata_router_w/wrouter_aw_fifo/s_axi_wvalid[0]
    SLICE_X9Y71          LUT2 (Prop_lut2_I1_O)        0.124     4.722 r  design_1_i/ps7_0_axi_periph/xbar/inst/gen_samd.crossbar_samd/gen_slave_slots[0].gen_si_write.wdata_router_w/wrouter_aw_fifo/m_axi_wvalid[3]_INST_0_i_2/O
                         net (fo=4, routed)           0.683     5.405    design_1_i/ps7_0_axi_periph/xbar/inst/gen_samd.crossbar_samd/gen_slave_slots[0].gen_si_write.wdata_router_w/wrouter_aw_fifo/m_axi_wvalid[3]_INST_0_i_2_n_0
    SLICE_X7Y72          LUT6 (Prop_lut6_I1_O)        0.124     5.529 r  design_1_i/ps7_0_axi_periph/xbar/inst/gen_samd.crossbar_samd/gen_slave_slots[0].gen_si_write.wdata_router_w/wrouter_aw_fifo/m_axi_wvalid[3]_INST_0/O
                         net (fo=5, routed)           2.592     8.121    design_1_i/ps7_0_axi_periph/m03_couplers/auto_ds/inst/gen_downsizer.gen_cascaded_downsizer.gen_axi3_conv.axi3_conv_inst/gen_axi4_axi3.axi3_conv_inst/USE_WRITE.write_addr_inst/USE_BURSTS.cmd_queue/inst/s_axi_wvalid
    SLICE_X5Y5           LUT3 (Prop_lut3_I1_O)        0.124     8.245 r  design_1_i/ps7_0_axi_periph/m03_couplers/auto_ds/inst/gen_downsizer.gen_cascaded_downsizer.gen_axi3_conv.axi3_conv_inst/gen_axi4_axi3.axi3_conv_inst/USE_WRITE.write_addr_inst/USE_BURSTS.cmd_queue/inst/m_axi_wvalid_INST_0/O
                         net (fo=4, routed)           0.754     8.999    design_1_i/ps7_0_axi_periph/m03_couplers/auto_pc/inst/gen_axi4_axi3.axi3_conv_inst/USE_WRITE.write_addr_inst/USE_BURSTS.cmd_queue/inst/s_axi_wvalid
    SLICE_X1Y3           LUT3 (Prop_lut3_I1_O)        0.119     9.118 r  design_1_i/ps7_0_axi_periph/m03_couplers/auto_pc/inst/gen_axi4_axi3.axi3_conv_inst/USE_WRITE.write_addr_inst/USE_BURSTS.cmd_queue/inst/s_axi_wready_INST_0/O
                         net (fo=11, routed)          0.838     9.956    design_1_i/ps7_0_axi_periph/m03_couplers/auto_ds/inst/gen_downsizer.gen_cascaded_downsizer.first_downsizer_inst/USE_WRITE.write_addr_inst/cmd_queue/inst/m_axi_wready
    SLICE_X5Y5           LUT5 (Prop_lut5_I3_O)        0.358    10.314 r  design_1_i/ps7_0_axi_periph/m03_couplers/auto_ds/inst/gen_downsizer.gen_cascaded_downsizer.first_downsizer_inst/USE_WRITE.write_addr_inst/cmd_queue/inst/s_axi_wready_INST_0/O
                         net (fo=3, routed)           2.184    12.498    design_1_i/ps7_0_axi_periph/xbar/inst/gen_samd.crossbar_samd/gen_slave_slots[0].gen_si_write.wdata_router_w/wrouter_aw_fifo/gen_srls[0].gen_rep[2].srl_nx1/m_axi_wready[3]
    SLICE_X8Y72          LUT6 (Prop_lut6_I0_O)        0.326    12.824 r  design_1_i/ps7_0_axi_periph/xbar/inst/gen_samd.crossbar_samd/gen_slave_slots[0].gen_si_write.wdata_router_w/wrouter_aw_fifo/gen_srls[0].gen_rep[2].srl_nx1/s_axi_wready[0]_INST_0_i_2/O
                         net (fo=1, routed)           0.466    13.290    design_1_i/ps7_0_axi_periph/xbar/inst/gen_samd.crossbar_samd/gen_slave_slots[0].gen_si_write.wdata_router_w/wrouter_aw_fifo/gen_srls[0].gen_rep[2].srl_nx1/s_axi_wready[0]_INST_0_i_2_n_0
    SLICE_X8Y72          LUT5 (Prop_lut5_I0_O)        0.124    13.414 r  design_1_i/ps7_0_axi_periph/xbar/inst/gen_samd.crossbar_samd/gen_slave_slots[0].gen_si_write.wdata_router_w/wrouter_aw_fifo/gen_srls[0].gen_rep[2].srl_nx1/s_axi_wready[0]_INST_0_i_1/O
                         net (fo=2, routed)           0.646    14.060    design_1_i/ps7_0_axi_periph/xbar/inst/gen_samd.crossbar_samd/gen_slave_slots[0].gen_si_write.wdata_router_w/wrouter_aw_fifo/m_aready0
    SLICE_X9Y71          LUT2 (Prop_lut2_I1_O)        0.150    14.210 r  design_1_i/ps7_0_axi_periph/xbar/inst/gen_samd.crossbar_samd/gen_slave_slots[0].gen_si_write.wdata_router_w/wrouter_aw_fifo/s_axi_wready[0]_INST_0/O
                         net (fo=38, routed)          1.127    15.337    design_1_i/ps7_0_axi_periph/s00_couplers/auto_us/inst/gen_upsizer.gen_full_upsizer.axi_upsizer_inst/USE_WRITE.write_addr_inst/GEN_CMD_QUEUE.cmd_queue/m_axi_wready
    SLICE_X7Y56          LUT5 (Prop_lut5_I2_O)        0.326    15.663 r  design_1_i/ps7_0_axi_periph/s00_couplers/auto_us/inst/gen_upsizer.gen_full_upsizer.axi_upsizer_inst/USE_WRITE.write_addr_inst/GEN_CMD_QUEUE.cmd_queue/WORD_LANE[3].USE_ALWAYS_PACKER.BYTE_LANE[3].USE_RTL_DATA.USE_REGISTER.M_AXI_WDATA_I[127]_i_8/O
                         net (fo=16, routed)          1.197    16.860    design_1_i/ps7_0_axi_periph/s00_couplers/auto_us/inst/gen_upsizer.gen_full_upsizer.axi_upsizer_inst/USE_WRITE.write_addr_inst/GEN_CMD_QUEUE.cmd_queue/WORD_LANE[3].USE_ALWAYS_PACKER.BYTE_LANE[3].USE_RTL_DATA.USE_REGISTER.M_AXI_WDATA_I[127]_i_8_n_0
    SLICE_X5Y64          LUT4 (Prop_lut4_I3_O)        0.150    17.010 r  design_1_i/ps7_0_axi_periph/s00_couplers/auto_us/inst/gen_upsizer.gen_full_upsizer.axi_upsizer_inst/USE_WRITE.write_addr_inst/GEN_CMD_QUEUE.cmd_queue/WORD_LANE[2].USE_ALWAYS_PACKER.BYTE_LANE[3].USE_RTL_DATA.USE_REGISTER.M_AXI_WDATA_I[95]_i_3/O
                         net (fo=9, routed)           0.769    17.779    design_1_i/ps7_0_axi_periph/s00_couplers/auto_us/inst/gen_upsizer.gen_full_upsizer.axi_upsizer_inst/USE_WRITE.gen_non_fifo_w_upsizer.write_data_inst/WORD_LANE[2].USE_ALWAYS_PACKER.BYTE_LANE[3].USE_RTL_DATA.USE_REGISTER.M_AXI_WDATA_I_reg[88]_0
    SLICE_X10Y65         LUT5 (Prop_lut5_I4_O)        0.332    18.111 r  design_1_i/ps7_0_axi_periph/s00_couplers/auto_us/inst/gen_upsizer.gen_full_upsizer.axi_upsizer_inst/USE_WRITE.gen_non_fifo_w_upsizer.write_data_inst/WORD_LANE[2].USE_ALWAYS_PACKER.BYTE_LANE[3].USE_RTL_DATA.USE_REGISTER.M_AXI_WDATA_I[95]_i_1/O
                         net (fo=8, routed)           0.494    18.605    design_1_i/ps7_0_axi_periph/s00_couplers/auto_us/inst/gen_upsizer.gen_full_upsizer.axi_upsizer_inst/USE_WRITE.gen_non_fifo_w_upsizer.write_data_inst/WORD_LANE[2].USE_ALWAYS_PACKER.BYTE_LANE[3].USE_RTL_DATA.USE_REGISTER.M_AXI_WDATA_I[95]_i_1_n_0
    SLICE_X11Y64         FDRE                                         r  design_1_i/ps7_0_axi_periph/s00_couplers/auto_us/inst/gen_upsizer.gen_full_upsizer.axi_upsizer_inst/USE_WRITE.gen_non_fifo_w_upsizer.write_data_inst/WORD_LANE[2].USE_ALWAYS_PACKER.BYTE_LANE[3].USE_RTL_DATA.USE_REGISTER.M_AXI_WDATA_I_reg[91]/CE
  -------------------------------------------------------------------    -------------------

                         (clock clk_fpga_0 rise edge)
                                                     20.000    20.000 r  
    PS7_X0Y0             PS7                          0.000    20.000 r  design_1_i/processing_system7_0/inst/PS7_i/FCLKCLK[0]
                         net (fo=1, routed)           1.101    21.101    design_1_i/processing_system7_0/inst/FCLK_CLK_unbuffered[0]
    BUFGCTRL_X0Y0        BUFG (Prop_bufg_I_O)         0.091    21.192 r  design_1_i/processing_system7_0/inst/buffer_fclk_clk_0.FCLK_CLK_0_BUFG/O
                         net (fo=8177, routed)        1.492    22.684    design_1_i/ps7_0_axi_periph/s00_couplers/auto_us/inst/gen_upsizer.gen_full_upsizer.axi_upsizer_inst/USE_WRITE.gen_non_fifo_w_upsizer.write_data_inst/USE_RTL_LENGTH.length_counter_q_reg[0]_0
    SLICE_X11Y64         FDRE                                         r  design_1_i/ps7_0_axi_periph/s00_couplers/auto_us/inst/gen_upsizer.gen_full_upsizer.axi_upsizer_inst/USE_WRITE.gen_non_fifo_w_upsizer.write_data_inst/WORD_LANE[2].USE_ALWAYS_PACKER.BYTE_LANE[3].USE_RTL_DATA.USE_REGISTER.M_AXI_WDATA_I_reg[91]/C
                         clock pessimism              0.230    22.914    
                         clock uncertainty           -0.302    22.612    
    SLICE_X11Y64         FDRE (Setup_fdre_C_CE)      -0.205    22.407    design_1_i/ps7_0_axi_periph/s00_couplers/auto_us/inst/gen_upsizer.gen_full_upsizer.axi_upsizer_inst/USE_WRITE.gen_non_fifo_w_upsizer.write_data_inst/WORD_LANE[2].USE_ALWAYS_PACKER.BYTE_LANE[3].USE_RTL_DATA.USE_REGISTER.M_AXI_WDATA_I_reg[91]
  -------------------------------------------------------------------
                         required time                         22.407    
                         arrival time                         -18.605    
  -------------------------------------------------------------------
                         slack                                  3.802    





Min Delay Paths
--------------------------------------------------------------------------------------
Slack (MET) :             0.014ns  (arrival time - required time)
  Source:                 design_1_i/ps7_0_axi_periph/m00_couplers/auto_pc/inst/gen_axilite.gen_b2s_conv.axilite_b2s/SI_REG/r.r_pipe/skid_buffer_reg[2]/C
                            (rising edge-triggered cell FDRE clocked by clk_fpga_0  {rise@0.000ns fall@10.000ns period=20.000ns})
  Destination:            design_1_i/ps7_0_axi_periph/m00_couplers/auto_pc/inst/gen_axilite.gen_b2s_conv.axilite_b2s/SI_REG/r.r_pipe/m_payload_i_reg[2]/D
                            (rising edge-triggered cell FDRE clocked by clk_fpga_0  {rise@0.000ns fall@10.000ns period=20.000ns})
  Path Group:             clk_fpga_0
  Path Type:              Hold (Min at Fast Process Corner)
  Requirement:            0.000ns  (clk_fpga_0 rise@0.000ns - clk_fpga_0 rise@0.000ns)
  Data Path Delay:        0.384ns  (logic 0.187ns (48.644%)  route 0.197ns (51.356%))
  Logic Levels:           1  (LUT3=1)
  Clock Path Skew:        0.263ns (DCD - SCD - CPR)
    Destination Clock Delay (DCD):    1.198ns
    Source Clock Delay      (SCD):    0.901ns
    Clock Pessimism Removal (CPR):    0.034ns

    Location             Delay type                Incr(ns)  Path(ns)    Netlist Resource(s)
  -------------------------------------------------------------------    -------------------
                         (clock clk_fpga_0 rise edge)
                                                      0.000     0.000 r  
    PS7_X0Y0             PS7                          0.000     0.000 r  design_1_i/processing_system7_0/inst/PS7_i/FCLKCLK[0]
                         net (fo=1, routed)           0.315     0.315    design_1_i/processing_system7_0/inst/FCLK_CLK_unbuffered[0]
    BUFGCTRL_X0Y0        BUFG (Prop_bufg_I_O)         0.026     0.341 r  design_1_i/processing_system7_0/inst/buffer_fclk_clk_0.FCLK_CLK_0_BUFG/O
                         net (fo=8177, routed)        0.560     0.901    design_1_i/ps7_0_axi_periph/m00_couplers/auto_pc/inst/gen_axilite.gen_b2s_conv.axilite_b2s/SI_REG/r.r_pipe/aclk
    SLICE_X21Y44         FDRE                                         r  design_1_i/ps7_0_axi_periph/m00_couplers/auto_pc/inst/gen_axilite.gen_b2s_conv.axilite_b2s/SI_REG/r.r_pipe/skid_buffer_reg[2]/C
  -------------------------------------------------------------------    -------------------
    SLICE_X21Y44         FDRE (Prop_fdre_C_Q)         0.141     1.042 r  design_1_i/ps7_0_axi_periph/m00_couplers/auto_pc/inst/gen_axilite.gen_b2s_conv.axilite_b2s/SI_REG/r.r_pipe/skid_buffer_reg[2]/Q
                         net (fo=1, routed)           0.197     1.239    design_1_i/ps7_0_axi_periph/m00_couplers/auto_pc/inst/gen_axilite.gen_b2s_conv.axilite_b2s/SI_REG/r.r_pipe/skid_buffer_reg_n_0_[2]
    SLICE_X23Y44         LUT3 (Prop_lut3_I2_O)        0.046     1.285 r  design_1_i/ps7_0_axi_periph/m00_couplers/auto_pc/inst/gen_axilite.gen_b2s_conv.axilite_b2s/SI_REG/r.r_pipe/m_payload_i[2]_i_1__1/O
                         net (fo=1, routed)           0.000     1.285    design_1_i/ps7_0_axi_periph/m00_couplers/auto_pc/inst/gen_axilite.gen_b2s_conv.axilite_b2s/SI_REG/r.r_pipe/m_payload_i[2]_i_1__1_n_0
    SLICE_X23Y44         FDRE                                         r  design_1_i/ps7_0_axi_periph/m00_couplers/auto_pc/inst/gen_axilite.gen_b2s_conv.axilite_b2s/SI_REG/r.r_pipe/m_payload_i_reg[2]/D
  -------------------------------------------------------------------    -------------------

                         (clock clk_fpga_0 rise edge)
                                                      0.000     0.000 r  
    PS7_X0Y0             PS7                          0.000     0.000 r  design_1_i/processing_system7_0/inst/PS7_i/FCLKCLK[0]
                         net (fo=1, routed)           0.341     0.341    design_1_i/processing_system7_0/inst/FCLK_CLK_unbuffered[0]
    BUFGCTRL_X0Y0        BUFG (Prop_bufg_I_O)         0.029     0.370 r  design_1_i/processing_system7_0/inst/buffer_fclk_clk_0.FCLK_CLK_0_BUFG/O
                         net (fo=8177, routed)        0.828     1.198    design_1_i/ps7_0_axi_periph/m00_couplers/auto_pc/inst/gen_axilite.gen_b2s_conv.axilite_b2s/SI_REG/r.r_pipe/aclk
    SLICE_X23Y44         FDRE                                         r  design_1_i/ps7_0_axi_periph/m00_couplers/auto_pc/inst/gen_axilite.gen_b2s_conv.axilite_b2s/SI_REG/r.r_pipe/m_payload_i_reg[2]/C
                         clock pessimism             -0.034     1.164    
    SLICE_X23Y44         FDRE (Hold_fdre_C_D)         0.107     1.271    design_1_i/ps7_0_axi_periph/m00_couplers/auto_pc/inst/gen_axilite.gen_b2s_conv.axilite_b2s/SI_REG/r.r_pipe/m_payload_i_reg[2]
  -------------------------------------------------------------------
                         required time                         -1.271    
                         arrival time                           1.285    
  -------------------------------------------------------------------
                         slack                                  0.014    





Pulse Width Checks
--------------------------------------------------------------------------------------
Clock Name:         clk_fpga_0
Waveform(ns):       { 0.000 10.000 }
Period(ns):         20.000
Sources:            { design_1_i/processing_system7_0/inst/PS7_i/FCLKCLK[0] }

Check Type        Corner  Lib Pin     Reference Pin  Required(ns)  Actual(ns)  Slack(ns)  Location       Pin
Min Period        n/a     BUFG/I      n/a            2.155         20.000      17.845     BUFGCTRL_X0Y0  design_1_i/processing_system7_0/inst/buffer_fclk_clk_0.FCLK_CLK_0_BUFG/I
Low Pulse Width   Slow    RAMD32/CLK  n/a            1.250         10.000      8.750      SLICE_X20Y86   design_1_i/ps7_0_axi_periph/m02_couplers/auto_cc/inst/gen_clock_conv.gen_async_conv.asyncfifo_axi/inst_fifo_gen/gaxi_full_lite.gwrite_ch.gwach2.axi_wach/grf.rf/gntv_or_sync_fifo.mem/gdm.dm_gen.dm/RAM_reg_0_15_18_23/RAMA/CLK
High Pulse Width  Slow    RAMD32/CLK  n/a            1.250         10.000      8.750      SLICE_X20Y84   design_1_i/ps7_0_axi_periph/m02_couplers/auto_cc/inst/gen_clock_conv.gen_async_conv.asyncfifo_axi/inst_fifo_gen/gaxi_full_lite.gwrite_ch.gwach2.axi_wach/grf.rf/gntv_or_sync_fifo.mem/gdm.dm_gen.dm/RAM_reg_0_15_24_29/RAMA/CLK



---------------------------------------------------------------------------------------------------
From Clock:  sys_clk_pin
  To Clock:  sys_clk_pin

Setup :           NA  Failing Endpoints,  Worst Slack           NA  ,  Total Violation           NA
Hold  :           NA  Failing Endpoints,  Worst Slack           NA  ,  Total Violation           NA
PW    :            0  Failing Endpoints,  Worst Slack        2.000ns,  Total Violation        0.000ns
---------------------------------------------------------------------------------------------------


Pulse Width Checks
--------------------------------------------------------------------------------------
Clock Name:         sys_clk_pin
Waveform(ns):       { 0.000 4.000 }
Period(ns):         8.000
Sources:            { sysclk }

Check Type        Corner  Lib Pin            Reference Pin  Required(ns)  Actual(ns)  Slack(ns)  Location         Pin
Min Period        n/a     MMCME2_ADV/CLKIN1  n/a            1.249         8.000       6.751      MMCME2_ADV_X0Y1  design_1_i/clk_pix/inst/mmcm_adv_inst/CLKIN1
Max Period        n/a     MMCME2_ADV/CLKIN1  n/a            100.000       8.000       92.000     MMCME2_ADV_X0Y1  design_1_i/clk_pix/inst/mmcm_adv_inst/CLKIN1
Low Pulse Width   Slow    MMCME2_ADV/CLKIN1  n/a            2.000         4.000       2.000      MMCME2_ADV_X0Y1  design_1_i/clk_pix/inst/mmcm_adv_inst/CLKIN1
High Pulse Width  Slow    MMCME2_ADV/CLKIN1  n/a            2.000         4.000       2.000      MMCME2_ADV_X0Y1  design_1_i/clk_pix/inst/mmcm_adv_inst/CLKIN1



---------------------------------------------------------------------------------------------------
From Clock:  clk_out1_design_1_clk_pix_0_1
  To Clock:  clk_out1_design_1_clk_pix_0_1

Setup :            0  Failing Endpoints,  Worst Slack       18.758ns,  Total Violation        0.000ns
Hold  :            0  Failing Endpoints,  Worst Slack        0.152ns,  Total Violation        0.000ns
PW    :            0  Failing Endpoints,  Worst Slack       18.612ns,  Total Violation        0.000ns
---------------------------------------------------------------------------------------------------


Max Delay Paths
--------------------------------------------------------------------------------------
Slack (MET) :             18.758ns  (required time - arrival time)
  Source:                 design_1_i/video/U0/u_chain/u_lapl/u_conv/u_win/row_r_reg[6]/C
                            (rising edge-triggered cell FDCE clocked by clk_out1_design_1_clk_pix_0_1  {rise@0.000ns fall@19.862ns period=39.724ns})
  Destination:            design_1_i/video/U0/u_chain/u_lapl/u_conv/res_r_reg[1]/D
                            (rising edge-triggered cell FDCE clocked by clk_out1_design_1_clk_pix_0_1  {rise@0.000ns fall@19.862ns period=39.724ns})
  Path Group:             clk_out1_design_1_clk_pix_0_1
  Path Type:              Setup (Max at Slow Process Corner)
  Requirement:            39.724ns  (clk_out1_design_1_clk_pix_0_1 rise@39.724ns - clk_out1_design_1_clk_pix_0_1 rise@0.000ns)
  Data Path Delay:        20.693ns  (logic 9.086ns (43.910%)  route 11.607ns (56.090%))
  Logic Levels:           30  (CARRY4=18 LUT2=1 LUT3=2 LUT4=1 LUT5=2 LUT6=6)
  Clock Path Skew:        -0.159ns (DCD - SCD + CPR)
    Destination Clock Delay (DCD):    -1.287ns = ( 38.437 - 39.724 ) 
    Source Clock Delay      (SCD):    -0.655ns
    Clock Pessimism Removal (CPR):    0.473ns
  Clock Uncertainty:      0.144ns  ((TSJ^2 + DJ^2)^1/2) / 2 + PE
    Total System Jitter     (TSJ):    0.071ns
    Discrete Jitter          (DJ):    0.278ns
    Phase Error              (PE):    0.000ns

    Location             Delay type                Incr(ns)  Path(ns)    Netlist Resource(s)
  -------------------------------------------------------------------    -------------------
                         (clock clk_out1_design_1_clk_pix_0_1 rise edge)
                                                      0.000     0.000 r  
    H16                                               0.000     0.000 r  sysclk (IN)
                         net (fo=0)                   0.000     0.000    design_1_i/clk_pix/inst/clk_in1
    H16                  IBUF (Prop_ibuf_I_O)         1.457     1.457 r  design_1_i/clk_pix/inst/clkin1_ibufg/O
                         net (fo=1, routed)           1.285     2.742    design_1_i/clk_pix/inst/clk_in1_design_1_clk_pix_0
    MMCME2_ADV_X0Y1      MMCME2_ADV (Prop_mmcme2_adv_CLKIN1_CLKOUT0)
                                                     -6.996    -4.254 r  design_1_i/clk_pix/inst/mmcm_adv_inst/CLKOUT0
                         net (fo=1, routed)           1.760    -2.494    design_1_i/clk_pix/inst/clk_out1_design_1_clk_pix_0
    BUFGCTRL_X0Y16       BUFG (Prop_bufg_I_O)         0.101    -2.393 r  design_1_i/clk_pix/inst/clkout1_buf/O
                         net (fo=8142, routed)        1.738    -0.655    design_1_i/video/U0/u_chain/u_lapl/u_conv/u_win/clk
    SLICE_X36Y53         FDCE                                         r  design_1_i/video/U0/u_chain/u_lapl/u_conv/u_win/row_r_reg[6]/C
  -------------------------------------------------------------------    -------------------
    SLICE_X36Y53         FDCE (Prop_fdce_C_Q)         0.419    -0.236 r  design_1_i/video/U0/u_chain/u_lapl/u_conv/u_win/row_r_reg[6]/Q
                         net (fo=8, routed)           1.225     0.989    design_1_i/video/U0/u_chain/u_lapl/u_conv/u_win/row_r_reg_n_0_[6]
    SLICE_X36Y52         LUT6 (Prop_lut6_I1_O)        0.299     1.288 f  design_1_i/video/U0/u_chain/u_lapl/u_conv/u_win/row_r[8]_i_3__0/O
                         net (fo=1, routed)           0.159     1.447    design_1_i/video/U0/u_chain/u_lapl/u_conv/u_win/row_r[8]_i_3__0_n_0
    SLICE_X36Y52         LUT6 (Prop_lut6_I5_O)        0.124     1.571 r  design_1_i/video/U0/u_chain/u_lapl/u_conv/u_win/row_r[8]_i_2/O
                         net (fo=17, routed)          1.248     2.819    design_1_i/video/U0/u_chain/u_lapl/u_conv/u_win/row_r[8]_i_2_n_0
    SLICE_X41Y35         LUT6 (Prop_lut6_I4_O)        0.124     2.943 r  design_1_i/video/U0/u_chain/u_lapl/u_conv/u_win/res6_carry__0_i_9/O
                         net (fo=5, routed)           0.853     3.797    design_1_i/video/U0/u_chain/u_lapl/u_conv/u_win/res6_carry__0_i_9_n_0
    SLICE_X41Y38         LUT4 (Prop_lut4_I0_O)        0.152     3.949 r  design_1_i/video/U0/u_chain/u_lapl/u_conv/u_win/res6_carry__0_i_2/O
                         net (fo=2, routed)           0.593     4.541    design_1_i/video/U0/u_chain/u_lapl/u_conv/u_win/res7[5]
    SLICE_X39Y38         LUT5 (Prop_lut5_I0_O)        0.332     4.873 r  design_1_i/video/U0/u_chain/u_lapl/u_conv/u_win/res6_carry__0_i_6/O
                         net (fo=1, routed)           0.000     4.873    design_1_i/video/U0/u_chain/u_lapl/u_conv/u_win_n_68
    SLICE_X39Y38         CARRY4 (Prop_carry4_S[2]_CO[3])
                                                      0.398     5.271 r  design_1_i/video/U0/u_chain/u_lapl/u_conv/res6_carry__0/CO[3]
                         net (fo=1, routed)           0.000     5.271    design_1_i/video/U0/u_chain/u_lapl/u_conv/res6_carry__0_n_0
    SLICE_X39Y39         CARRY4 (Prop_carry4_CI_O[0])
                                                      0.222     5.493 r  design_1_i/video/U0/u_chain/u_lapl/u_conv/res6_carry__1/O[0]
                         net (fo=2, routed)           0.603     6.096    design_1_i/video/U0/u_chain/u_lapl/u_conv/u_win/res6__29_carry__1_0[0]
    SLICE_X40Y39         LUT6 (Prop_lut6_I5_O)        0.299     6.395 r  design_1_i/video/U0/u_chain/u_lapl/u_conv/u_win/res6__29_carry__1_i_4/O
                         net (fo=1, routed)           0.000     6.395    design_1_i/video/U0/u_chain/u_lapl/u_conv/u_win_n_94
    SLICE_X40Y39         CARRY4 (Prop_carry4_S[0]_O[2])
                                                      0.547     6.942 r  design_1_i/video/U0/u_chain/u_lapl/u_conv/res6__29_carry__1/O[2]
                         net (fo=3, routed)           0.943     7.885    design_1_i/video/U0/u_chain/u_lapl/u_conv/u_win/C[10]
    SLICE_X40Y42         LUT2 (Prop_lut2_I0_O)        0.302     8.187 r  design_1_i/video/U0/u_chain/u_lapl/u_conv/u_win/res6__62_carry__1_i_2/O
                         net (fo=1, routed)           0.000     8.187    design_1_i/video/U0/u_chain/u_lapl/u_conv/u_win_n_87
    SLICE_X40Y42         CARRY4 (Prop_carry4_S[3]_CO[3])
                                                      0.401     8.588 r  design_1_i/video/U0/u_chain/u_lapl/u_conv/res6__62_carry__1/CO[3]
                         net (fo=1, routed)           0.000     8.588    design_1_i/video/U0/u_chain/u_lapl/u_conv/res6__62_carry__1_n_0
    SLICE_X40Y43         CARRY4 (Prop_carry4_CI_O[0])
                                                      0.222     8.810 r  design_1_i/video/U0/u_chain/u_lapl/u_conv/res6__62_carry__2/O[0]
                         net (fo=20, routed)          1.210    10.020    design_1_i/video/U0/u_chain/u_lapl/u_conv/u_win/PCIN[2]
    SLICE_X37Y47         CARRY4 (Prop_carry4_S[1]_CO[3])
                                                      0.849    10.869 r  design_1_i/video/U0/u_chain/u_lapl/u_conv/u_win/clamp_u1_carry_i_9/CO[3]
                         net (fo=1, routed)           0.000    10.869    design_1_i/video/U0/u_chain/u_lapl/u_conv/u_win/clamp_u1_carry_i_9_n_0
    SLICE_X37Y48         CARRY4 (Prop_carry4_CI_CO[3])
                                                      0.114    10.983 r  design_1_i/video/U0/u_chain/u_lapl/u_conv/u_win/clamp_u1_carry__0_i_13/CO[3]
                         net (fo=1, routed)           0.000    10.983    design_1_i/video/U0/u_chain/u_lapl/u_conv/u_win/clamp_u1_carry__0_i_13_n_0
    SLICE_X37Y49         CARRY4 (Prop_carry4_CI_CO[3])
                                                      0.114    11.097 r  design_1_i/video/U0/u_chain/u_lapl/u_conv/u_win/clamp_u1_carry__0_i_9/CO[3]
                         net (fo=1, routed)           0.001    11.097    design_1_i/video/U0/u_chain/u_lapl/u_conv/u_win/clamp_u1_carry__0_i_9_n_0
    SLICE_X37Y50         CARRY4 (Prop_carry4_CI_O[2])
                                                      0.239    11.336 r  design_1_i/video/U0/u_chain/u_lapl/u_conv/u_win/res_r_reg[10]_i_2/O[2]
                         net (fo=101, routed)         0.945    12.281    design_1_i/video/u_chain/u_lapl/res6[31]
    SLICE_X40Y44         LUT3 (Prop_lut3_I1_O)        0.302    12.583 r  design_1_i/video/res_r[4]_i_9/O
                         net (fo=1, routed)           0.000    12.583    design_1_i/video/U0/u_chain/u_lapl/u_conv/res_r_reg[4]_0[0]
    SLICE_X40Y44         CARRY4 (Prop_carry4_S[0]_CO[3])
                                                      0.532    13.115 r  design_1_i/video/U0/u_chain/u_lapl/u_conv/res_r_reg[4]_i_2/CO[3]
                         net (fo=1, routed)           0.000    13.115    design_1_i/video/U0/u_chain/u_lapl/u_conv/res_r_reg[4]_i_2_n_0
    SLICE_X40Y45         CARRY4 (Prop_carry4_CI_CO[3])
                                                      0.114    13.229 r  design_1_i/video/U0/u_chain/u_lapl/u_conv/res_r_reg[8]_i_2/CO[3]
                         net (fo=1, routed)           0.000    13.229    design_1_i/video/U0/u_chain/u_lapl/u_conv/res_r_reg[8]_i_2_n_0
    SLICE_X40Y46         CARRY4 (Prop_carry4_CI_CO[3])
                                                      0.114    13.343 r  design_1_i/video/U0/u_chain/u_lapl/u_conv/res_r_reg[10]_i_4/CO[3]
                         net (fo=1, routed)           0.000    13.343    design_1_i/video/U0/u_chain/u_lapl/u_conv/res_r_reg[10]_i_4_n_0
    SLICE_X40Y47         CARRY4 (Prop_carry4_CI_CO[3])
                                                      0.114    13.457 r  design_1_i/video/U0/u_chain/u_lapl/u_conv/clamp_u1_carry_i_14/CO[3]
                         net (fo=1, routed)           0.000    13.457    design_1_i/video/U0/u_chain/u_lapl/u_conv/clamp_u1_carry_i_14_n_0
    SLICE_X40Y48         CARRY4 (Prop_carry4_CI_O[0])
                                                      0.222    13.679 f  design_1_i/video/U0/u_chain/u_lapl/u_conv/clamp_u1_carry_i_10/O[0]
                         net (fo=3, routed)           0.678    14.357    design_1_i/video/u_chain/u_lapl/res4[17]
    SLICE_X41Y48         LUT3 (Prop_lut3_I2_O)        0.299    14.656 r  design_1_i/video/clamp_u1_carry_i_25/O
                         net (fo=1, routed)           0.000    14.656    design_1_i/video/U0/u_chain/u_lapl/u_conv/clamp_u1_carry_i_5_0[0]
    SLICE_X41Y48         CARRY4 (Prop_carry4_S[0]_CO[3])
                                                      0.532    15.188 r  design_1_i/video/U0/u_chain/u_lapl/u_conv/clamp_u1_carry_i_11/CO[3]
                         net (fo=1, routed)           0.000    15.188    design_1_i/video/U0/u_chain/u_lapl/u_conv/clamp_u1_carry_i_11_n_0
    SLICE_X41Y49         CARRY4 (Prop_carry4_CI_O[1])
                                                      0.334    15.522 r  design_1_i/video/U0/u_chain/u_lapl/u_conv/clamp_u1_carry__0_i_15/O[1]
                         net (fo=1, routed)           0.855    16.377    design_1_i/video/U0/u_chain/u_lapl/u_conv/res1[22]
    SLICE_X43Y51         LUT5 (Prop_lut5_I0_O)        0.303    16.680 r  design_1_i/video/U0/u_chain/u_lapl/u_conv/clamp_u1_carry__0_i_16/O
                         net (fo=2, routed)           0.647    17.327    design_1_i/video/U0/u_chain/u_lapl/u_conv/clamp_u1_carry__0_i_16_n_0
    SLICE_X43Y50         LUT6 (Prop_lut6_I5_O)        0.124    17.451 r  design_1_i/video/U0/u_chain/u_lapl/u_conv/clamp_u1_carry__0_i_2/O
                         net (fo=1, routed)           0.773    18.224    design_1_i/video/U0/u_chain/u_lapl/u_conv/clamp_u1_carry__0_i_2_n_0
    SLICE_X43Y48         CARRY4 (Prop_carry4_DI[2]_CO[3])
                                                      0.398    18.622 r  design_1_i/video/U0/u_chain/u_lapl/u_conv/clamp_u1_carry__0/CO[3]
                         net (fo=1, routed)           0.000    18.622    design_1_i/video/U0/u_chain/u_lapl/u_conv/clamp_u1_carry__0_n_0
    SLICE_X43Y49         CARRY4 (Prop_carry4_CI_CO[2])
                                                      0.228    18.850 r  design_1_i/video/U0/u_chain/u_lapl/u_conv/clamp_u1_carry__1/CO[2]
                         net (fo=11, routed)          0.875    19.725    design_1_i/video/U0/u_chain/u_lapl/u_conv/clamp_u1
    SLICE_X41Y43         LUT6 (Prop_lut6_I5_O)        0.313    20.038 r  design_1_i/video/U0/u_chain/u_lapl/u_conv/res_r[1]_i_1__0/O
                         net (fo=1, routed)           0.000    20.038    design_1_i/video/U0/u_chain/u_lapl/u_conv/clamp_u[1]
    SLICE_X41Y43         FDCE                                         r  design_1_i/video/U0/u_chain/u_lapl/u_conv/res_r_reg[1]/D
  -------------------------------------------------------------------    -------------------

                         (clock clk_out1_design_1_clk_pix_0_1 rise edge)
                                                     39.724    39.724 r  
    H16                                               0.000    39.724 r  sysclk (IN)
                         net (fo=0)                   0.000    39.724    design_1_i/clk_pix/inst/clk_in1
    H16                  IBUF (Prop_ibuf_I_O)         1.387    41.110 r  design_1_i/clk_pix/inst/clkin1_ibufg/O
                         net (fo=1, routed)           1.162    42.272    design_1_i/clk_pix/inst/clk_in1_design_1_clk_pix_0
    MMCME2_ADV_X0Y1      MMCME2_ADV (Prop_mmcme2_adv_CLKIN1_CLKOUT0)
                                                     -7.105    35.168 r  design_1_i/clk_pix/inst/mmcm_adv_inst/CLKOUT0
                         net (fo=1, routed)           1.599    36.767    design_1_i/clk_pix/inst/clk_out1_design_1_clk_pix_0
    BUFGCTRL_X0Y16       BUFG (Prop_bufg_I_O)         0.091    36.858 r  design_1_i/clk_pix/inst/clkout1_buf/O
                         net (fo=8142, routed)        1.579    38.437    design_1_i/video/U0/u_chain/u_lapl/u_conv/clk
    SLICE_X41Y43         FDCE                                         r  design_1_i/video/U0/u_chain/u_lapl/u_conv/res_r_reg[1]/C
                         clock pessimism              0.473    38.910    
                         clock uncertainty           -0.144    38.767    
    SLICE_X41Y43         FDCE (Setup_fdce_C_D)        0.029    38.796    design_1_i/video/U0/u_chain/u_lapl/u_conv/res_r_reg[1]
  -------------------------------------------------------------------
                         required time                         38.796    
                         arrival time                         -20.038    
  -------------------------------------------------------------------
                         slack                                 18.758    





Min Delay Paths
--------------------------------------------------------------------------------------
Slack (MET) :             0.152ns  (arrival time - required time)
  Source:                 design_1_i/DMA24bUnit_mm2s_0/U0/grp_DMA24b_mm2s_fu_78/DMA24b_mm2s_fetch_U0/trunc_ln1_reg_492_reg[14]/C
                            (rising edge-triggered cell FDRE clocked by clk_out1_design_1_clk_pix_0_1  {rise@0.000ns fall@19.862ns period=39.724ns})
  Destination:            design_1_i/DMA24bUnit_mm2s_0/U0/gmem_m_axi_U/bus_read/rs_rreq/data_p1_reg[14]/D
                            (rising edge-triggered cell FDRE clocked by clk_out1_design_1_clk_pix_0_1  {rise@0.000ns fall@19.862ns period=39.724ns})
  Path Group:             clk_out1_design_1_clk_pix_0_1
  Path Type:              Hold (Min at Fast Process Corner)
  Requirement:            0.000ns  (clk_out1_design_1_clk_pix_0_1 rise@0.000ns - clk_out1_design_1_clk_pix_0_1 rise@0.000ns)
  Data Path Delay:        0.285ns  (logic 0.186ns (65.209%)  route 0.099ns (34.791%))
  Logic Levels:           1  (LUT4=1)
  Clock Path Skew:        0.013ns (DCD - SCD - CPR)
    Destination Clock Delay (DCD):    -0.751ns
    Source Clock Delay      (SCD):    -0.515ns
    Clock Pessimism Removal (CPR):    -0.249ns

    Location             Delay type                Incr(ns)  Path(ns)    Netlist Resource(s)
  -------------------------------------------------------------------    -------------------
                         (clock clk_out1_design_1_clk_pix_0_1 rise edge)
                                                      0.000     0.000 r  
    H16                                               0.000     0.000 r  sysclk (IN)
                         net (fo=0)                   0.000     0.000    design_1_i/clk_pix/inst/clk_in1
    H16                  IBUF (Prop_ibuf_I_O)         0.225     0.225 r  design_1_i/clk_pix/inst/clkin1_ibufg/O
                         net (fo=1, routed)           0.440     0.665    design_1_i/clk_pix/inst/clk_in1_design_1_clk_pix_0
    MMCME2_ADV_X0Y1      MMCME2_ADV (Prop_mmcme2_adv_CLKIN1_CLKOUT0)
                                                     -2.268    -1.602 r  design_1_i/clk_pix/inst/mmcm_adv_inst/CLKOUT0
                         net (fo=1, routed)           0.482    -1.120    design_1_i/clk_pix/inst/clk_out1_design_1_clk_pix_0
    BUFGCTRL_X0Y16       BUFG (Prop_bufg_I_O)         0.026    -1.094 r  design_1_i/clk_pix/inst/clkout1_buf/O
                         net (fo=8142, routed)        0.580    -0.515    design_1_i/DMA24bUnit_mm2s_0/U0/grp_DMA24b_mm2s_fu_78/DMA24b_mm2s_fetch_U0/ap_clk
    SLICE_X5Y31          FDRE                                         r  design_1_i/DMA24bUnit_mm2s_0/U0/grp_DMA24b_mm2s_fu_78/DMA24b_mm2s_fetch_U0/trunc_ln1_reg_492_reg[14]/C
  -------------------------------------------------------------------    -------------------
    SLICE_X5Y31          FDRE (Prop_fdre_C_Q)         0.141    -0.374 r  design_1_i/DMA24bUnit_mm2s_0/U0/grp_DMA24b_mm2s_fu_78/DMA24b_mm2s_fetch_U0/trunc_ln1_reg_492_reg[14]/Q
                         net (fo=2, routed)           0.099    -0.274    design_1_i/DMA24bUnit_mm2s_0/U0/gmem_m_axi_U/bus_read/rs_rreq/D[14]
    SLICE_X4Y31          LUT4 (Prop_lut4_I0_O)        0.045    -0.229 r  design_1_i/DMA24bUnit_mm2s_0/U0/gmem_m_axi_U/bus_read/rs_rreq/data_p1[14]_i_1/O
                         net (fo=1, routed)           0.000    -0.229    design_1_i/DMA24bUnit_mm2s_0/U0/gmem_m_axi_U/bus_read/rs_rreq/data_p1[14]_i_1_n_2
    SLICE_X4Y31          FDRE                                         r  design_1_i/DMA24bUnit_mm2s_0/U0/gmem_m_axi_U/bus_read/rs_rreq/data_p1_reg[14]/D
  -------------------------------------------------------------------    -------------------

                         (clock clk_out1_design_1_clk_pix_0_1 rise edge)
                                                      0.000     0.000 r  
    H16                                               0.000     0.000 r  sysclk (IN)
                         net (fo=0)                   0.000     0.000    design_1_i/clk_pix/inst/clk_in1
    H16                  IBUF (Prop_ibuf_I_O)         0.413     0.413 r  design_1_i/clk_pix/inst/clkin1_ibufg/O
                         net (fo=1, routed)           0.480     0.893    design_1_i/clk_pix/inst/clk_in1_design_1_clk_pix_0
    MMCME2_ADV_X0Y1      MMCME2_ADV (Prop_mmcme2_adv_CLKIN1_CLKOUT0)
                                                     -3.047    -2.154 r  design_1_i/clk_pix/inst/mmcm_adv_inst/CLKOUT0
                         net (fo=1, routed)           0.528    -1.626    design_1_i/clk_pix/inst/clk_out1_design_1_clk_pix_0
    BUFGCTRL_X0Y16       BUFG (Prop_bufg_I_O)         0.029    -1.597 r  design_1_i/clk_pix/inst/clkout1_buf/O
                         net (fo=8142, routed)        0.846    -0.751    design_1_i/DMA24bUnit_mm2s_0/U0/gmem_m_axi_U/bus_read/rs_rreq/ap_clk
    SLICE_X4Y31          FDRE                                         r  design_1_i/DMA24bUnit_mm2s_0/U0/gmem_m_axi_U/bus_read/rs_rreq/data_p1_reg[14]/C
                         clock pessimism              0.249    -0.502    
    SLICE_X4Y31          FDRE (Hold_fdre_C_D)         0.120    -0.382    design_1_i/DMA24bUnit_mm2s_0/U0/gmem_m_axi_U/bus_read/rs_rreq/data_p1_reg[14]
  -------------------------------------------------------------------
                         required time                          0.382    
                         arrival time                          -0.229    
  -------------------------------------------------------------------
                         slack                                  0.152    





Pulse Width Checks
--------------------------------------------------------------------------------------
Clock Name:         clk_out1_design_1_clk_pix_0_1
Waveform(ns):       { 0.000 19.862 }
Period(ns):         39.724
Sources:            { design_1_i/clk_pix/inst/mmcm_adv_inst/CLKOUT0 }

Check Type        Corner  Lib Pin             Reference Pin  Required(ns)  Actual(ns)  Slack(ns)  Location         Pin
Min Period        n/a     RAMB36E1/CLKARDCLK  n/a            2.944         39.724      36.780     RAMB36_X2Y0      design_1_i/DMA24bUnit_mm2s_0/U0/grp_DMA24b_mm2s_fu_78/mm_fifo_U/U_DMA24bUnit_mm2s_fifo_w128_d256_A_ram/mem_reg_0/CLKARDCLK
Max Period        n/a     MMCME2_ADV/CLKOUT0  n/a            213.360       39.724      173.636    MMCME2_ADV_X0Y1  design_1_i/clk_pix/inst/mmcm_adv_inst/CLKOUT0
Low Pulse Width   Fast    RAMD32/CLK          n/a            1.250         19.862      18.612     SLICE_X10Y58     design_1_i/ps7_0_axi_periph/s01_couplers/auto_cc/inst/gen_clock_conv.gen_async_conv.asyncfifo_axi/inst_fifo_gen/gaxi_full_lite.gwrite_ch.gwdch2.axi_wdch/grf.rf/gntv_or_sync_fifo.mem/gdm.dm_gen.dm/RAM_reg_0_15_120_125/RAMA/CLK
High Pulse Width  Slow    RAMS32/CLK          n/a            1.250         19.862      18.612     SLICE_X24Y52     design_1_i/ps7_0_axi_periph/m02_couplers/auto_cc/inst/gen_clock_conv.gen_async_conv.asyncfifo_axi/inst_fifo_gen/gaxi_full_lite.gread_ch.grdch2.axi_rdch/grf.rf/gntv_or_sync_fifo.mem/gdm.dm_gen.dm/RAM_reg_0_15_126_131/RAMD/CLK



---------------------------------------------------------------------------------------------------
From Clock:  clkfbout_design_1_clk_pix_0_1
  To Clock:  clkfbout_design_1_clk_pix_0_1

Setup :           NA  Failing Endpoints,  Worst Slack           NA  ,  Total Violation           NA
Hold  :           NA  Failing Endpoints,  Worst Slack           NA  ,  Total Violation           NA
PW    :            0  Failing Endpoints,  Worst Slack       44.000ns,  Total Violation        0.000ns
---------------------------------------------------------------------------------------------------


Pulse Width Checks
--------------------------------------------------------------------------------------
Clock Name:         clkfbout_design_1_clk_pix_0_1
Waveform(ns):       { 0.000 28.000 }
Period(ns):         56.000
Sources:            { design_1_i/clk_pix/inst/mmcm_adv_inst/CLKFBOUT }

Check Type  Corner  Lib Pin             Reference Pin  Required(ns)  Actual(ns)  Slack(ns)  Location         Pin
Min Period  n/a     BUFG/I              n/a            2.155         56.000      53.845     BUFGCTRL_X0Y17   design_1_i/clk_pix/inst/clkf_buf/I
Max Period  n/a     MMCME2_ADV/CLKFBIN  n/a            100.000       56.000      44.000     MMCME2_ADV_X0Y1  design_1_i/clk_pix/inst/mmcm_adv_inst/CLKFBIN



---------------------------------------------------------------------------------------------------
From Clock:  sysclk
  To Clock:  sysclk

Setup :           NA  Failing Endpoints,  Worst Slack           NA  ,  Total Violation           NA
Hold  :           NA  Failing Endpoints,  Worst Slack           NA  ,  Total Violation           NA
PW    :            0  Failing Endpoints,  Worst Slack        2.000ns,  Total Violation        0.000ns
---------------------------------------------------------------------------------------------------


Pulse Width Checks
--------------------------------------------------------------------------------------
Clock Name:         sysclk
Waveform(ns):       { 0.000 4.000 }
Period(ns):         8.000
Sources:            { sysclk }

Check Type        Corner  Lib Pin            Reference Pin  Required(ns)  Actual(ns)  Slack(ns)  Location         Pin
Min Period        n/a     MMCME2_ADV/CLKIN1  n/a            1.249         8.000       6.751      MMCME2_ADV_X0Y1  design_1_i/clk_pix/inst/mmcm_adv_inst/CLKIN1
Max Period        n/a     MMCME2_ADV/CLKIN1  n/a            100.000       8.000       92.000     MMCME2_ADV_X0Y1  design_1_i/clk_pix/inst/mmcm_adv_inst/CLKIN1
Low Pulse Width   Slow    MMCME2_ADV/CLKIN1  n/a            2.000         4.000       2.000      MMCME2_ADV_X0Y1  design_1_i/clk_pix/inst/mmcm_adv_inst/CLKIN1
High Pulse Width  Slow    MMCME2_ADV/CLKIN1  n/a            2.000         4.000       2.000      MMCME2_ADV_X0Y1  design_1_i/clk_pix/inst/mmcm_adv_inst/CLKIN1



---------------------------------------------------------------------------------------------------
From Clock:  clk_out1_design_1_clk_pix_0
  To Clock:  clk_out1_design_1_clk_pix_0

Setup :            0  Failing Endpoints,  Worst Slack       18.756ns,  Total Violation        0.000ns
Hold  :            0  Failing Endpoints,  Worst Slack        0.152ns,  Total Violation        0.000ns
PW    :            0  Failing Endpoints,  Worst Slack       18.612ns,  Total Violation        0.000ns
---------------------------------------------------------------------------------------------------


Max Delay Paths
--------------------------------------------------------------------------------------
Slack (MET) :             18.756ns  (required time - arrival time)
  Source:                 design_1_i/video/U0/u_chain/u_lapl/u_conv/u_win/row_r_reg[6]/C
                            (rising edge-triggered cell FDCE clocked by clk_out1_design_1_clk_pix_0  {rise@0.000ns fall@19.862ns period=39.724ns})
  Destination:            design_1_i/video/U0/u_chain/u_lapl/u_conv/res_r_reg[1]/D
                            (rising edge-triggered cell FDCE clocked by clk_out1_design_1_clk_pix_0  {rise@0.000ns fall@19.862ns period=39.724ns})
  Path Group:             clk_out1_design_1_clk_pix_0
  Path Type:              Setup (Max at Slow Process Corner)
  Requirement:            39.724ns  (clk_out1_design_1_clk_pix_0 rise@39.724ns - clk_out1_design_1_clk_pix_0 rise@0.000ns)
  Data Path Delay:        20.693ns  (logic 9.086ns (43.910%)  route 11.607ns (56.090%))
  Logic Levels:           30  (CARRY4=18 LUT2=1 LUT3=2 LUT4=1 LUT5=2 LUT6=6)
  Clock Path Skew:        -0.159ns (DCD - SCD + CPR)
    Destination Clock Delay (DCD):    -1.287ns = ( 38.437 - 39.724 ) 
    Source Clock Delay      (SCD):    -0.655ns
    Clock Pessimism Removal (CPR):    0.473ns
  Clock Uncertainty:      0.145ns  ((TSJ^2 + DJ^2)^1/2) / 2 + PE
    Total System Jitter     (TSJ):    0.071ns
    Discrete Jitter          (DJ):    0.281ns
    Phase Error              (PE):    0.000ns

    Location             Delay type                Incr(ns)  Path(ns)    Netlist Resource(s)
  -------------------------------------------------------------------    -------------------
                         (clock clk_out1_design_1_clk_pix_0 rise edge)
                                                      0.000     0.000 r  
    H16                                               0.000     0.000 r  sysclk (IN)
                         net (fo=0)                   0.000     0.000    design_1_i/clk_pix/inst/clk_in1
    H16                  IBUF (Prop_ibuf_I_O)         1.457     1.457 r  design_1_i/clk_pix/inst/clkin1_ibufg/O
                         net (fo=1, routed)           1.285     2.742    design_1_i/clk_pix/inst/clk_in1_design_1_clk_pix_0
    MMCME2_ADV_X0Y1      MMCME2_ADV (Prop_mmcme2_adv_CLKIN1_CLKOUT0)
                                                     -6.996    -4.254 r  design_1_i/clk_pix/inst/mmcm_adv_inst/CLKOUT0
                         net (fo=1, routed)           1.760    -2.494    design_1_i/clk_pix/inst/clk_out1_design_1_clk_pix_0
    BUFGCTRL_X0Y16       BUFG (Prop_bufg_I_O)         0.101    -2.393 r  design_1_i/clk_pix/inst/clkout1_buf/O
                         net (fo=8142, routed)        1.738    -0.655    design_1_i/video/U0/u_chain/u_lapl/u_conv/u_win/clk
    SLICE_X36Y53         FDCE                                         r  design_1_i/video/U0/u_chain/u_lapl/u_conv/u_win/row_r_reg[6]/C
  -------------------------------------------------------------------    -------------------
    SLICE_X36Y53         FDCE (Prop_fdce_C_Q)         0.419    -0.236 r  design_1_i/video/U0/u_chain/u_lapl/u_conv/u_win/row_r_reg[6]/Q
                         net (fo=8, routed)           1.225     0.989    design_1_i/video/U0/u_chain/u_lapl/u_conv/u_win/row_r_reg_n_0_[6]
    SLICE_X36Y52         LUT6 (Prop_lut6_I1_O)        0.299     1.288 f  design_1_i/video/U0/u_chain/u_lapl/u_conv/u_win/row_r[8]_i_3__0/O
                         net (fo=1, routed)           0.159     1.447    design_1_i/video/U0/u_chain/u_lapl/u_conv/u_win/row_r[8]_i_3__0_n_0
    SLICE_X36Y52         LUT6 (Prop_lut6_I5_O)        0.124     1.571 r  design_1_i/video/U0/u_chain/u_lapl/u_conv/u_win/row_r[8]_i_2/O
                         net (fo=17, routed)          1.248     2.819    design_1_i/video/U0/u_chain/u_lapl/u_conv/u_win/row_r[8]_i_2_n_0
    SLICE_X41Y35         LUT6 (Prop_lut6_I4_O)        0.124     2.943 r  design_1_i/video/U0/u_chain/u_lapl/u_conv/u_win/res6_carry__0_i_9/O
                         net (fo=5, routed)           0.853     3.797    design_1_i/video/U0/u_chain/u_lapl/u_conv/u_win/res6_carry__0_i_9_n_0
    SLICE_X41Y38         LUT4 (Prop_lut4_I0_O)        0.152     3.949 r  design_1_i/video/U0/u_chain/u_lapl/u_conv/u_win/res6_carry__0_i_2/O
                         net (fo=2, routed)           0.593     4.541    design_1_i/video/U0/u_chain/u_lapl/u_conv/u_win/res7[5]
    SLICE_X39Y38         LUT5 (Prop_lut5_I0_O)        0.332     4.873 r  design_1_i/video/U0/u_chain/u_lapl/u_conv/u_win/res6_carry__0_i_6/O
                         net (fo=1, routed)           0.000     4.873    design_1_i/video/U0/u_chain/u_lapl/u_conv/u_win_n_68
    SLICE_X39Y38         CARRY4 (Prop_carry4_S[2]_CO[3])
                                                      0.398     5.271 r  design_1_i/video/U0/u_chain/u_lapl/u_conv/res6_carry__0/CO[3]
                         net (fo=1, routed)           0.000     5.271    design_1_i/video/U0/u_chain/u_lapl/u_conv/res6_carry__0_n_0
    SLICE_X39Y39         CARRY4 (Prop_carry4_CI_O[0])
                                                      0.222     5.493 r  design_1_i/video/U0/u_chain/u_lapl/u_conv/res6_carry__1/O[0]
                         net (fo=2, routed)           0.603     6.096    design_1_i/video/U0/u_chain/u_lapl/u_conv/u_win/res6__29_carry__1_0[0]
    SLICE_X40Y39         LUT6 (Prop_lut6_I5_O)        0.299     6.395 r  design_1_i/video/U0/u_chain/u_lapl/u_conv/u_win/res6__29_carry__1_i_4/O
                         net (fo=1, routed)           0.000     6.395    design_1_i/video/U0/u_chain/u_lapl/u_conv/u_win_n_94
    SLICE_X40Y39         CARRY4 (Prop_carry4_S[0]_O[2])
                                                      0.547     6.942 r  design_1_i/video/U0/u_chain/u_lapl/u_conv/res6__29_carry__1/O[2]
                         net (fo=3, routed)           0.943     7.885    design_1_i/video/U0/u_chain/u_lapl/u_conv/u_win/C[10]
    SLICE_X40Y42         LUT2 (Prop_lut2_I0_O)        0.302     8.187 r  design_1_i/video/U0/u_chain/u_lapl/u_conv/u_win/res6__62_carry__1_i_2/O
                         net (fo=1, routed)           0.000     8.187    design_1_i/video/U0/u_chain/u_lapl/u_conv/u_win_n_87
    SLICE_X40Y42         CARRY4 (Prop_carry4_S[3]_CO[3])
                                                      0.401     8.588 r  design_1_i/video/U0/u_chain/u_lapl/u_conv/res6__62_carry__1/CO[3]
                         net (fo=1, routed)           0.000     8.588    design_1_i/video/U0/u_chain/u_lapl/u_conv/res6__62_carry__1_n_0
    SLICE_X40Y43         CARRY4 (Prop_carry4_CI_O[0])
                                                      0.222     8.810 r  design_1_i/video/U0/u_chain/u_lapl/u_conv/res6__62_carry__2/O[0]
                         net (fo=20, routed)          1.210    10.020    design_1_i/video/U0/u_chain/u_lapl/u_conv/u_win/PCIN[2]
    SLICE_X37Y47         CARRY4 (Prop_carry4_S[1]_CO[3])
                                                      0.849    10.869 r  design_1_i/video/U0/u_chain/u_lapl/u_conv/u_win/clamp_u1_carry_i_9/CO[3]
                         net (fo=1, routed)           0.000    10.869    design_1_i/video/U0/u_chain/u_lapl/u_conv/u_win/clamp_u1_carry_i_9_n_0
    SLICE_X37Y48         CARRY4 (Prop_carry4_CI_CO[3])
                                                      0.114    10.983 r  design_1_i/video/U0/u_chain/u_lapl/u_conv/u_win/clamp_u1_carry__0_i_13/CO[3]
                         net (fo=1, routed)           0.000    10.983    design_1_i/video/U0/u_chain/u_lapl/u_conv/u_win/clamp_u1_carry__0_i_13_n_0
    SLICE_X37Y49         CARRY4 (Prop_carry4_CI_CO[3])
                                                      0.114    11.097 r  design_1_i/video/U0/u_chain/u_lapl/u_conv/u_win/clamp_u1_carry__0_i_9/CO[3]
                         net (fo=1, routed)           0.001    11.097    design_1_i/video/U0/u_chain/u_lapl/u_conv/u_win/clamp_u1_carry__0_i_9_n_0
    SLICE_X37Y50         CARRY4 (Prop_carry4_CI_O[2])
                                                      0.239    11.336 r  design_1_i/video/U0/u_chain/u_lapl/u_conv/u_win/res_r_reg[10]_i_2/O[2]
                         net (fo=101, routed)         0.945    12.281    design_1_i/video/u_chain/u_lapl/res6[31]
    SLICE_X40Y44         LUT3 (Prop_lut3_I1_O)        0.302    12.583 r  design_1_i/video/res_r[4]_i_9/O
                         net (fo=1, routed)           0.000    12.583    design_1_i/video/U0/u_chain/u_lapl/u_conv/res_r_reg[4]_0[0]
    SLICE_X40Y44         CARRY4 (Prop_carry4_S[0]_CO[3])
                                                      0.532    13.115 r  design_1_i/video/U0/u_chain/u_lapl/u_conv/res_r_reg[4]_i_2/CO[3]
                         net (fo=1, routed)           0.000    13.115    design_1_i/video/U0/u_chain/u_lapl/u_conv/res_r_reg[4]_i_2_n_0
    SLICE_X40Y45         CARRY4 (Prop_carry4_CI_CO[3])
                                                      0.114    13.229 r  design_1_i/video/U0/u_chain/u_lapl/u_conv/res_r_reg[8]_i_2/CO[3]
                         net (fo=1, routed)           0.000    13.229    design_1_i/video/U0/u_chain/u_lapl/u_conv/res_r_reg[8]_i_2_n_0
    SLICE_X40Y46         CARRY4 (Prop_carry4_CI_CO[3])
                                                      0.114    13.343 r  design_1_i/video/U0/u_chain/u_lapl/u_conv/res_r_reg[10]_i_4/CO[3]
                         net (fo=1, routed)           0.000    13.343    design_1_i/video/U0/u_chain/u_lapl/u_conv/res_r_reg[10]_i_4_n_0
    SLICE_X40Y47         CARRY4 (Prop_carry4_CI_CO[3])
                                                      0.114    13.457 r  design_1_i/video/U0/u_chain/u_lapl/u_conv/clamp_u1_carry_i_14/CO[3]
                         net (fo=1, routed)           0.000    13.457    design_1_i/video/U0/u_chain/u_lapl/u_conv/clamp_u1_carry_i_14_n_0
    SLICE_X40Y48         CARRY4 (Prop_carry4_CI_O[0])
                                                      0.222    13.679 f  design_1_i/video/U0/u_chain/u_lapl/u_conv/clamp_u1_carry_i_10/O[0]
                         net (fo=3, routed)           0.678    14.357    design_1_i/video/u_chain/u_lapl/res4[17]
    SLICE_X41Y48         LUT3 (Prop_lut3_I2_O)        0.299    14.656 r  design_1_i/video/clamp_u1_carry_i_25/O
                         net (fo=1, routed)           0.000    14.656    design_1_i/video/U0/u_chain/u_lapl/u_conv/clamp_u1_carry_i_5_0[0]
    SLICE_X41Y48         CARRY4 (Prop_carry4_S[0]_CO[3])
                                                      0.532    15.188 r  design_1_i/video/U0/u_chain/u_lapl/u_conv/clamp_u1_carry_i_11/CO[3]
                         net (fo=1, routed)           0.000    15.188    design_1_i/video/U0/u_chain/u_lapl/u_conv/clamp_u1_carry_i_11_n_0
    SLICE_X41Y49         CARRY4 (Prop_carry4_CI_O[1])
                                                      0.334    15.522 r  design_1_i/video/U0/u_chain/u_lapl/u_conv/clamp_u1_carry__0_i_15/O[1]
                         net (fo=1, routed)           0.855    16.377    design_1_i/video/U0/u_chain/u_lapl/u_conv/res1[22]
    SLICE_X43Y51         LUT5 (Prop_lut5_I0_O)        0.303    16.680 r  design_1_i/video/U0/u_chain/u_lapl/u_conv/clamp_u1_carry__0_i_16/O
                         net (fo=2, routed)           0.647    17.327    design_1_i/video/U0/u_chain/u_lapl/u_conv/clamp_u1_carry__0_i_16_n_0
    SLICE_X43Y50         LUT6 (Prop_lut6_I5_O)        0.124    17.451 r  design_1_i/video/U0/u_chain/u_lapl/u_conv/clamp_u1_carry__0_i_2/O
                         net (fo=1, routed)           0.773    18.224    design_1_i/video/U0/u_chain/u_lapl/u_conv/clamp_u1_carry__0_i_2_n_0
    SLICE_X43Y48         CARRY4 (Prop_carry4_DI[2]_CO[3])
                                                      0.398    18.622 r  design_1_i/video/U0/u_chain/u_lapl/u_conv/clamp_u1_carry__0/CO[3]
                         net (fo=1, routed)           0.000    18.622    design_1_i/video/U0/u_chain/u_lapl/u_conv/clamp_u1_carry__0_n_0
    SLICE_X43Y49         CARRY4 (Prop_carry4_CI_CO[2])
                                                      0.228    18.850 r  design_1_i/video/U0/u_chain/u_lapl/u_conv/clamp_u1_carry__1/CO[2]
                         net (fo=11, routed)          0.875    19.725    design_1_i/video/U0/u_chain/u_lapl/u_conv/clamp_u1
    SLICE_X41Y43         LUT6 (Prop_lut6_I5_O)        0.313    20.038 r  design_1_i/video/U0/u_chain/u_lapl/u_conv/res_r[1]_i_1__0/O
                         net (fo=1, routed)           0.000    20.038    design_1_i/video/U0/u_chain/u_lapl/u_conv/clamp_u[1]
    SLICE_X41Y43         FDCE                                         r  design_1_i/video/U0/u_chain/u_lapl/u_conv/res_r_reg[1]/D
  -------------------------------------------------------------------    -------------------

                         (clock clk_out1_design_1_clk_pix_0 rise edge)
                                                     39.724    39.724 r  
    H16                                               0.000    39.724 r  sysclk (IN)
                         net (fo=0)                   0.000    39.724    design_1_i/clk_pix/inst/clk_in1
    H16                  IBUF (Prop_ibuf_I_O)         1.387    41.110 r  design_1_i/clk_pix/inst/clkin1_ibufg/O
                         net (fo=1, routed)           1.162    42.272    design_1_i/clk_pix/inst/clk_in1_design_1_clk_pix_0
    MMCME2_ADV_X0Y1      MMCME2_ADV (Prop_mmcme2_adv_CLKIN1_CLKOUT0)
                                                     -7.105    35.168 r  design_1_i/clk_pix/inst/mmcm_adv_inst/CLKOUT0
                         net (fo=1, routed)           1.599    36.767    design_1_i/clk_pix/inst/clk_out1_design_1_clk_pix_0
    BUFGCTRL_X0Y16       BUFG (Prop_bufg_I_O)         0.091    36.858 r  design_1_i/clk_pix/inst/clkout1_buf/O
                         net (fo=8142, routed)        1.579    38.437    design_1_i/video/U0/u_chain/u_lapl/u_conv/clk
    SLICE_X41Y43         FDCE                                         r  design_1_i/video/U0/u_chain/u_lapl/u_conv/res_r_reg[1]/C
                         clock pessimism              0.473    38.910    
                         clock uncertainty           -0.145    38.765    
    SLICE_X41Y43         FDCE (Setup_fdce_C_D)        0.029    38.794    design_1_i/video/U0/u_chain/u_lapl/u_conv/res_r_reg[1]
  -------------------------------------------------------------------
                         required time                         38.794    
                         arrival time                         -20.038    
  -------------------------------------------------------------------
                         slack                                 18.756    





Min Delay Paths
--------------------------------------------------------------------------------------
Slack (MET) :             0.152ns  (arrival time - required time)
  Source:                 design_1_i/DMA24bUnit_mm2s_0/U0/grp_DMA24b_mm2s_fu_78/DMA24b_mm2s_fetch_U0/trunc_ln1_reg_492_reg[14]/C
                            (rising edge-triggered cell FDRE clocked by clk_out1_design_1_clk_pix_0  {rise@0.000ns fall@19.862ns period=39.724ns})
  Destination:            design_1_i/DMA24bUnit_mm2s_0/U0/gmem_m_axi_U/bus_read/rs_rreq/data_p1_reg[14]/D
                            (rising edge-triggered cell FDRE clocked by clk_out1_design_1_clk_pix_0  {rise@0.000ns fall@19.862ns period=39.724ns})
  Path Group:             clk_out1_design_1_clk_pix_0
  Path Type:              Hold (Min at Fast Process Corner)
  Requirement:            0.000ns  (clk_out1_design_1_clk_pix_0 rise@0.000ns - clk_out1_design_1_clk_pix_0 rise@0.000ns)
  Data Path Delay:        0.285ns  (logic 0.186ns (65.209%)  route 0.099ns (34.791%))
  Logic Levels:           1  (LUT4=1)
  Clock Path Skew:        0.013ns (DCD - SCD - CPR)
    Destination Clock Delay (DCD):    -0.751ns
    Source Clock Delay      (SCD):    -0.515ns
    Clock Pessimism Removal (CPR):    -0.249ns

    Location             Delay type                Incr(ns)  Path(ns)    Netlist Resource(s)
  -------------------------------------------------------------------    -------------------
                         (clock clk_out1_design_1_clk_pix_0 rise edge)
                                                      0.000     0.000 r  
    H16                                               0.000     0.000 r  sysclk (IN)
                         net (fo=0)                   0.000     0.000    design_1_i/clk_pix/inst/clk_in1
    H16                  IBUF (Prop_ibuf_I_O)         0.225     0.225 r  design_1_i/clk_pix/inst/clkin1_ibufg/O
                         net (fo=1, routed)           0.440     0.665    design_1_i/clk_pix/inst/clk_in1_design_1_clk_pix_0
    MMCME2_ADV_X0Y1      MMCME2_ADV (Prop_mmcme2_adv_CLKIN1_CLKOUT0)
                                                     -2.268    -1.602 r  design_1_i/clk_pix/inst/mmcm_adv_inst/CLKOUT0
                         net (fo=1, routed)           0.482    -1.120    design_1_i/clk_pix/inst/clk_out1_design_1_clk_pix_0
    BUFGCTRL_X0Y16       BUFG (Prop_bufg_I_O)         0.026    -1.094 r  design_1_i/clk_pix/inst/clkout1_buf/O
                         net (fo=8142, routed)        0.580    -0.515    design_1_i/DMA24bUnit_mm2s_0/U0/grp_DMA24b_mm2s_fu_78/DMA24b_mm2s_fetch_U0/ap_clk
    SLICE_X5Y31          FDRE                                         r  design_1_i/DMA24bUnit_mm2s_0/U0/grp_DMA24b_mm2s_fu_78/DMA24b_mm2s_fetch_U0/trunc_ln1_reg_492_reg[14]/C
  -------------------------------------------------------------------    -------------------
    SLICE_X5Y31          FDRE (Prop_fdre_C_Q)         0.141    -0.374 r  design_1_i/DMA24bUnit_mm2s_0/U0/grp_DMA24b_mm2s_fu_78/DMA24b_mm2s_fetch_U0/trunc_ln1_reg_492_reg[14]/Q
                         net (fo=2, routed)           0.099    -0.274    design_1_i/DMA24bUnit_mm2s_0/U0/gmem_m_axi_U/bus_read/rs_rreq/D[14]
    SLICE_X4Y31          LUT4 (Prop_lut4_I0_O)        0.045    -0.229 r  design_1_i/DMA24bUnit_mm2s_0/U0/gmem_m_axi_U/bus_read/rs_rreq/data_p1[14]_i_1/O
                         net (fo=1, routed)           0.000    -0.229    design_1_i/DMA24bUnit_mm2s_0/U0/gmem_m_axi_U/bus_read/rs_rreq/data_p1[14]_i_1_n_2
    SLICE_X4Y31          FDRE                                         r  design_1_i/DMA24bUnit_mm2s_0/U0/gmem_m_axi_U/bus_read/rs_rreq/data_p1_reg[14]/D
  -------------------------------------------------------------------    -------------------

                         (clock clk_out1_design_1_clk_pix_0 rise edge)
                                                      0.000     0.000 r  
    H16                                               0.000     0.000 r  sysclk (IN)
                         net (fo=0)                   0.000     0.000    design_1_i/clk_pix/inst/clk_in1
    H16                  IBUF (Prop_ibuf_I_O)         0.413     0.413 r  design_1_i/clk_pix/inst/clkin1_ibufg/O
                         net (fo=1, routed)           0.480     0.893    design_1_i/clk_pix/inst/clk_in1_design_1_clk_pix_0
    MMCME2_ADV_X0Y1      MMCME2_ADV (Prop_mmcme2_adv_CLKIN1_CLKOUT0)
                                                     -3.047    -2.154 r  design_1_i/clk_pix/inst/mmcm_adv_inst/CLKOUT0
                         net (fo=1, routed)           0.528    -1.626    design_1_i/clk_pix/inst/clk_out1_design_1_clk_pix_0
    BUFGCTRL_X0Y16       BUFG (Prop_bufg_I_O)         0.029    -1.597 r  design_1_i/clk_pix/inst/clkout1_buf/O
                         net (fo=8142, routed)        0.846    -0.751    design_1_i/DMA24bUnit_mm2s_0/U0/gmem_m_axi_U/bus_read/rs_rreq/ap_clk
    SLICE_X4Y31          FDRE                                         r  design_1_i/DMA24bUnit_mm2s_0/U0/gmem_m_axi_U/bus_read/rs_rreq/data_p1_reg[14]/C
                         clock pessimism              0.249    -0.502    
    SLICE_X4Y31          FDRE (Hold_fdre_C_D)         0.120    -0.382    design_1_i/DMA24bUnit_mm2s_0/U0/gmem_m_axi_U/bus_read/rs_rreq/data_p1_reg[14]
  -------------------------------------------------------------------
                         required time                          0.382    
                         arrival time                          -0.229    
  -------------------------------------------------------------------
                         slack                                  0.152    





Pulse Width Checks
--------------------------------------------------------------------------------------
Clock Name:         clk_out1_design_1_clk_pix_0
Waveform(ns):       { 0.000 19.862 }
Period(ns):         39.724
Sources:            { design_1_i/clk_pix/inst/mmcm_adv_inst/CLKOUT0 }

Check Type        Corner  Lib Pin             Reference Pin  Required(ns)  Actual(ns)  Slack(ns)  Location         Pin
Min Period        n/a     RAMB36E1/CLKARDCLK  n/a            2.944         39.724      36.780     RAMB36_X2Y0      design_1_i/DMA24bUnit_mm2s_0/U0/grp_DMA24b_mm2s_fu_78/mm_fifo_U/U_DMA24bUnit_mm2s_fifo_w128_d256_A_ram/mem_reg_0/CLKARDCLK
Max Period        n/a     MMCME2_ADV/CLKOUT0  n/a            213.360       39.724      173.636    MMCME2_ADV_X0Y1  design_1_i/clk_pix/inst/mmcm_adv_inst/CLKOUT0
Low Pulse Width   Fast    RAMD32/CLK          n/a            1.250         19.862      18.612     SLICE_X10Y58     design_1_i/ps7_0_axi_periph/s01_couplers/auto_cc/inst/gen_clock_conv.gen_async_conv.asyncfifo_axi/inst_fifo_gen/gaxi_full_lite.gwrite_ch.gwdch2.axi_wdch/grf.rf/gntv_or_sync_fifo.mem/gdm.dm_gen.dm/RAM_reg_0_15_120_125/RAMA/CLK
High Pulse Width  Slow    RAMS32/CLK          n/a            1.250         19.862      18.612     SLICE_X24Y52     design_1_i/ps7_0_axi_periph/m02_couplers/auto_cc/inst/gen_clock_conv.gen_async_conv.asyncfifo_axi/inst_fifo_gen/gaxi_full_lite.gread_ch.grdch2.axi_rdch/grf.rf/gntv_or_sync_fifo.mem/gdm.dm_gen.dm/RAM_reg_0_15_126_131/RAMD/CLK



---------------------------------------------------------------------------------------------------
From Clock:  clkfbout_design_1_clk_pix_0
  To Clock:  clkfbout_design_1_clk_pix_0

Setup :           NA  Failing Endpoints,  Worst Slack           NA  ,  Total Violation           NA
Hold  :           NA  Failing Endpoints,  Worst Slack           NA  ,  Total Violation           NA
PW    :            0  Failing Endpoints,  Worst Slack       44.000ns,  Total Violation        0.000ns
---------------------------------------------------------------------------------------------------


Pulse Width Checks
--------------------------------------------------------------------------------------
Clock Name:         clkfbout_design_1_clk_pix_0
Waveform(ns):       { 0.000 28.000 }
Period(ns):         56.000
Sources:            { design_1_i/clk_pix/inst/mmcm_adv_inst/CLKFBOUT }

Check Type  Corner  Lib Pin             Reference Pin  Required(ns)  Actual(ns)  Slack(ns)  Location         Pin
Min Period  n/a     BUFG/I              n/a            2.155         56.000      53.845     BUFGCTRL_X0Y17   design_1_i/clk_pix/inst/clkf_buf/I
Max Period  n/a     MMCME2_ADV/CLKFBIN  n/a            100.000       56.000      44.000     MMCME2_ADV_X0Y1  design_1_i/clk_pix/inst/mmcm_adv_inst/CLKFBIN



---------------------------------------------------------------------------------------------------
From Clock:  clk_out1_design_1_clk_pix_0_1
  To Clock:  clk_fpga_0

Setup :            0  Failing Endpoints,  Worst Slack       38.298ns,  Total Violation        0.000ns
Hold  :           NA  Failing Endpoints,  Worst Slack           NA  ,  Total Violation           NA
---------------------------------------------------------------------------------------------------


Max Delay Paths
--------------------------------------------------------------------------------------
Slack (MET) :             38.298ns  (required time - arrival time)
  Source:                 design_1_i/ps7_0_axi_periph/m02_couplers/auto_cc/inst/gen_clock_conv.gen_async_conv.asyncfifo_axi/inst_fifo_gen/gaxi_full_lite.gwrite_ch.gwrch2.axi_wrch/grf.rf/gntv_or_sync_fifo.gcx.clkx/wr_pntr_cdc_inst/src_gray_ff_reg[1]/C
                            (rising edge-triggered cell FDRE clocked by clk_out1_design_1_clk_pix_0_1  {rise@0.000ns fall@19.862ns period=39.724ns})
  Destination:            design_1_i/ps7_0_axi_periph/m02_couplers/auto_cc/inst/gen_clock_conv.gen_async_conv.asyncfifo_axi/inst_fifo_gen/gaxi_full_lite.gwrite_ch.gwrch2.axi_wrch/grf.rf/gntv_or_sync_fifo.gcx.clkx/wr_pntr_cdc_inst/dest_graysync_ff_reg[0][1]/D
                            (rising edge-triggered cell FDRE clocked by clk_fpga_0  {rise@0.000ns fall@10.000ns period=20.000ns})
  Path Group:             clk_fpga_0
  Path Type:              Setup (Max at Slow Process Corner)
  Requirement:            39.724ns  (MaxDelay Path 39.724ns)
  Data Path Delay:        1.148ns  (logic 0.419ns (36.498%)  route 0.729ns (63.502%))
  Logic Levels:           0  
  Timing Exception:       MaxDelay Path 39.724ns -datapath_only

    Location             Delay type                Incr(ns)  Path(ns)    Netlist Resource(s)
  -------------------------------------------------------------------    -------------------
    SLICE_X40Y79                                      0.000     0.000 r  design_1_i/ps7_0_axi_periph/m02_couplers/auto_cc/inst/gen_clock_conv.gen_async_conv.asyncfifo_axi/inst_fifo_gen/gaxi_full_lite.gwrite_ch.gwrch2.axi_wrch/grf.rf/gntv_or_sync_fifo.gcx.clkx/wr_pntr_cdc_inst/src_gray_ff_reg[1]/C
    SLICE_X40Y79         FDRE (Prop_fdre_C_Q)         0.419     0.419 r  design_1_i/ps7_0_axi_periph/m02_couplers/auto_cc/inst/gen_clock_conv.gen_async_conv.asyncfifo_axi/inst_fifo_gen/gaxi_full_lite.gwrite_ch.gwrch2.axi_wrch/grf.rf/gntv_or_sync_fifo.gcx.clkx/wr_pntr_cdc_inst/src_gray_ff_reg[1]/Q
                         net (fo=1, routed)           0.729     1.148    design_1_i/ps7_0_axi_periph/m02_couplers/auto_cc/inst/gen_clock_conv.gen_async_conv.asyncfifo_axi/inst_fifo_gen/gaxi_full_lite.gwrite_ch.gwrch2.axi_wrch/grf.rf/gntv_or_sync_fifo.gcx.clkx/wr_pntr_cdc_inst/async_path[1]
    SLICE_X40Y78         FDRE                                         r  design_1_i/ps7_0_axi_periph/m02_couplers/auto_cc/inst/gen_clock_conv.gen_async_conv.asyncfifo_axi/inst_fifo_gen/gaxi_full_lite.gwrite_ch.gwrch2.axi_wrch/grf.rf/gntv_or_sync_fifo.gcx.clkx/wr_pntr_cdc_inst/dest_graysync_ff_reg[0][1]/D
  -------------------------------------------------------------------    -------------------

                         max delay                   39.724    39.724    
    SLICE_X40Y78         FDRE (Setup_fdre_C_D)       -0.278    39.446    design_1_i/ps7_0_axi_periph/m02_couplers/auto_cc/inst/gen_clock_conv.gen_async_conv.asyncfifo_axi/inst_fifo_gen/gaxi_full_lite.gwrite_ch.gwrch2.axi_wrch/grf.rf/gntv_or_sync_fifo.gcx.clkx/wr_pntr_cdc_inst/dest_graysync_ff_reg[0][1]
  -------------------------------------------------------------------
                         required time                         39.446    
                         arrival time                          -1.148    
  -------------------------------------------------------------------
                         slack                                 38.298    





---------------------------------------------------------------------------------------------------
From Clock:  clk_out1_design_1_clk_pix_0
  To Clock:  clk_fpga_0

Setup :            0  Failing Endpoints,  Worst Slack       38.298ns,  Total Violation        0.000ns
Hold  :           NA  Failing Endpoints,  Worst Slack           NA  ,  Total Violation           NA
---------------------------------------------------------------------------------------------------


Max Delay Paths
--------------------------------------------------------------------------------------
Slack (MET) :             38.298ns  (required time - arrival time)
  Source:                 design_1_i/ps7_0_axi_periph/m02_couplers/auto_cc/inst/gen_clock_conv.gen_async_conv.asyncfifo_axi/inst_fifo_gen/gaxi_full_lite.gwrite_ch.gwrch2.axi_wrch/grf.rf/gntv_or_sync_fifo.gcx.clkx/wr_pntr_cdc_inst/src_gray_ff_reg[1]/C
                            (rising edge-triggered cell FDRE clocked by clk_out1_design_1_clk_pix_0  {rise@0.000ns fall@19.862ns period=39.724ns})
  Destination:            design_1_i/ps7_0_axi_periph/m02_couplers/auto_cc/inst/gen_clock_conv.gen_async_conv.asyncfifo_axi/inst_fifo_gen/gaxi_full_lite.gwrite_ch.gwrch2.axi_wrch/grf.rf/gntv_or_sync_fifo.gcx.clkx/wr_pntr_cdc_inst/dest_graysync_ff_reg[0][1]/D
                            (rising edge-triggered cell FDRE clocked by clk_fpga_0  {rise@0.000ns fall@10.000ns period=20.000ns})
  Path Group:             clk_fpga_0
  Path Type:              Setup (Max at Slow Process Corner)
  Requirement:            39.724ns  (MaxDelay Path 39.724ns)
  Data Path Delay:        1.148ns  (logic 0.419ns (36.498%)  route 0.729ns (63.502%))
  Logic Levels:           0  
  Timing Exception:       MaxDelay Path 39.724ns -datapath_only

    Location             Delay type                Incr(ns)  Path(ns)    Netlist Resource(s)
  -------------------------------------------------------------------    -------------------
    SLICE_X40Y79                                      0.000     0.000 r  design_1_i/ps7_0_axi_periph/m02_couplers/auto_cc/inst/gen_clock_conv.gen_async_conv.asyncfifo_axi/inst_fifo_gen/gaxi_full_lite.gwrite_ch.gwrch2.axi_wrch/grf.rf/gntv_or_sync_fifo.gcx.clkx/wr_pntr_cdc_inst/src_gray_ff_reg[1]/C
    SLICE_X40Y79         FDRE (Prop_fdre_C_Q)         0.419     0.419 r  design_1_i/ps7_0_axi_periph/m02_couplers/auto_cc/inst/gen_clock_conv.gen_async_conv.asyncfifo_axi/inst_fifo_gen/gaxi_full_lite.gwrite_ch.gwrch2.axi_wrch/grf.rf/gntv_or_sync_fifo.gcx.clkx/wr_pntr_cdc_inst/src_gray_ff_reg[1]/Q
                         net (fo=1, routed)           0.729     1.148    design_1_i/ps7_0_axi_periph/m02_couplers/auto_cc/inst/gen_clock_conv.gen_async_conv.asyncfifo_axi/inst_fifo_gen/gaxi_full_lite.gwrite_ch.gwrch2.axi_wrch/grf.rf/gntv_or_sync_fifo.gcx.clkx/wr_pntr_cdc_inst/async_path[1]
    SLICE_X40Y78         FDRE                                         r  design_1_i/ps7_0_axi_periph/m02_couplers/auto_cc/inst/gen_clock_conv.gen_async_conv.asyncfifo_axi/inst_fifo_gen/gaxi_full_lite.gwrite_ch.gwrch2.axi_wrch/grf.rf/gntv_or_sync_fifo.gcx.clkx/wr_pntr_cdc_inst/dest_graysync_ff_reg[0][1]/D
  -------------------------------------------------------------------    -------------------

                         max delay                   39.724    39.724    
    SLICE_X40Y78         FDRE (Setup_fdre_C_D)       -0.278    39.446    design_1_i/ps7_0_axi_periph/m02_couplers/auto_cc/inst/gen_clock_conv.gen_async_conv.asyncfifo_axi/inst_fifo_gen/gaxi_full_lite.gwrite_ch.gwrch2.axi_wrch/grf.rf/gntv_or_sync_fifo.gcx.clkx/wr_pntr_cdc_inst/dest_graysync_ff_reg[0][1]
  -------------------------------------------------------------------
                         required time                         39.446    
                         arrival time                          -1.148    
  -------------------------------------------------------------------
                         slack                                 38.298    





---------------------------------------------------------------------------------------------------
From Clock:  clk_fpga_0
  To Clock:  clk_out1_design_1_clk_pix_0_1

Setup :            0  Failing Endpoints,  Worst Slack       18.612ns,  Total Violation        0.000ns
Hold  :           NA  Failing Endpoints,  Worst Slack           NA  ,  Total Violation           NA
---------------------------------------------------------------------------------------------------


Max Delay Paths
--------------------------------------------------------------------------------------
Slack (MET) :             18.612ns  (required time - arrival time)
  Source:                 design_1_i/ps7_0_axi_periph/m02_couplers/auto_cc/inst/gen_clock_conv.gen_async_conv.asyncfifo_axi/inst_fifo_gen/gaxi_full_lite.gwrite_ch.gwdch2.axi_wdch/grf.rf/gntv_or_sync_fifo.gcx.clkx/wr_pntr_cdc_inst/src_gray_ff_reg[1]/C
                            (rising edge-triggered cell FDRE clocked by clk_fpga_0  {rise@0.000ns fall@10.000ns period=20.000ns})
  Destination:            design_1_i/ps7_0_axi_periph/m02_couplers/auto_cc/inst/gen_clock_conv.gen_async_conv.asyncfifo_axi/inst_fifo_gen/gaxi_full_lite.gwrite_ch.gwdch2.axi_wdch/grf.rf/gntv_or_sync_fifo.gcx.clkx/wr_pntr_cdc_inst/dest_graysync_ff_reg[0][1]/D
                            (rising edge-triggered cell FDRE clocked by clk_out1_design_1_clk_pix_0_1  {rise@0.000ns fall@19.862ns period=39.724ns})
  Path Group:             clk_out1_design_1_clk_pix_0_1
  Path Type:              Setup (Max at Slow Process Corner)
  Requirement:            20.000ns  (MaxDelay Path 20.000ns)
  Data Path Delay:        1.124ns  (logic 0.478ns (42.529%)  route 0.646ns (57.471%))
  Logic Levels:           0  
  Timing Exception:       MaxDelay Path 20.000ns -datapath_only

    Location             Delay type                Incr(ns)  Path(ns)    Netlist Resource(s)
  -------------------------------------------------------------------    -------------------
    SLICE_X16Y73                                      0.000     0.000 r  design_1_i/ps7_0_axi_periph/m02_couplers/auto_cc/inst/gen_clock_conv.gen_async_conv.asyncfifo_axi/inst_fifo_gen/gaxi_full_lite.gwrite_ch.gwdch2.axi_wdch/grf.rf/gntv_or_sync_fifo.gcx.clkx/wr_pntr_cdc_inst/src_gray_ff_reg[1]/C
    SLICE_X16Y73         FDRE (Prop_fdre_C_Q)         0.478     0.478 r  design_1_i/ps7_0_axi_periph/m02_couplers/auto_cc/inst/gen_clock_conv.gen_async_conv.asyncfifo_axi/inst_fifo_gen/gaxi_full_lite.gwrite_ch.gwdch2.axi_wdch/grf.rf/gntv_or_sync_fifo.gcx.clkx/wr_pntr_cdc_inst/src_gray_ff_reg[1]/Q
                         net (fo=1, routed)           0.646     1.124    design_1_i/ps7_0_axi_periph/m02_couplers/auto_cc/inst/gen_clock_conv.gen_async_conv.asyncfifo_axi/inst_fifo_gen/gaxi_full_lite.gwrite_ch.gwdch2.axi_wdch/grf.rf/gntv_or_sync_fifo.gcx.clkx/wr_pntr_cdc_inst/async_path[1]
    SLICE_X17Y73         FDRE                                         r  design_1_i/ps7_0_axi_periph/m02_couplers/auto_cc/inst/gen_clock_conv.gen_async_conv.asyncfifo_axi/inst_fifo_gen/gaxi_full_lite.gwrite_ch.gwdch2.axi_wdch/grf.rf/gntv_or_sync_fifo.gcx.clkx/wr_pntr_cdc_inst/dest_graysync_ff_reg[0][1]/D
  -------------------------------------------------------------------    -------------------

                         max delay                   20.000    20.000    
    SLICE_X17Y73         FDRE (Setup_fdre_C_D)       -0.264    19.736    design_1_i/ps7_0_axi_periph/m02_couplers/auto_cc/inst/gen_clock_conv.gen_async_conv.asyncfifo_axi/inst_fifo_gen/gaxi_full_lite.gwrite_ch.gwdch2.axi_wdch/grf.rf/gntv_or_sync_fifo.gcx.clkx/wr_pntr_cdc_inst/dest_graysync_ff_reg[0][1]
  -------------------------------------------------------------------
                         required time                         19.736    
                         arrival time                          -1.124    
  -------------------------------------------------------------------
                         slack                                 18.612    





---------------------------------------------------------------------------------------------------
From Clock:  clk_out1_design_1_clk_pix_0
  To Clock:  clk_out1_design_1_clk_pix_0_1

Setup :            0  Failing Endpoints,  Worst Slack       18.756ns,  Total Violation        0.000ns
Hold  :            0  Failing Endpoints,  Worst Slack        0.007ns,  Total Violation        0.000ns
---------------------------------------------------------------------------------------------------


Max Delay Paths
--------------------------------------------------------------------------------------
Slack (MET) :             18.756ns  (required time - arrival time)
  Source:                 design_1_i/video/U0/u_chain/u_lapl/u_conv/u_win/row_r_reg[6]/C
                            (rising edge-triggered cell FDCE clocked by clk_out1_design_1_clk_pix_0  {rise@0.000ns fall@19.862ns period=39.724ns})
  Destination:            design_1_i/video/U0/u_chain/u_lapl/u_conv/res_r_reg[1]/D
                            (rising edge-triggered cell FDCE clocked by clk_out1_design_1_clk_pix_0_1  {rise@0.000ns fall@19.862ns period=39.724ns})
  Path Group:             clk_out1_design_1_clk_pix_0_1
  Path Type:              Setup (Max at Slow Process Corner)
  Requirement:            39.724ns  (clk_out1_design_1_clk_pix_0_1 rise@39.724ns - clk_out1_design_1_clk_pix_0 rise@0.000ns)
  Data Path Delay:        20.693ns  (logic 9.086ns (43.910%)  route 11.607ns (56.090%))
  Logic Levels:           30  (CARRY4=18 LUT2=1 LUT3=2 LUT4=1 LUT5=2 LUT6=6)
  Clock Path Skew:        -0.159ns (DCD - SCD + CPR)
    Destination Clock Delay (DCD):    -1.287ns = ( 38.437 - 39.724 ) 
    Source Clock Delay      (SCD):    -0.655ns
    Clock Pessimism Removal (CPR):    0.473ns
  Clock Uncertainty:      0.145ns  ((TSJ^2 + DJ^2)^1/2) / 2 + PE
    Total System Jitter     (TSJ):    0.071ns
    Discrete Jitter          (DJ):    0.281ns
    Phase Error              (PE):    0.000ns
  Clock Domain Crossing:  Inter clock paths are considered valid unless explicitly excluded by timing constraints such as set_clock_groups or set_false_path.

    Location             Delay type                Incr(ns)  Path(ns)    Netlist Resource(s)
  -------------------------------------------------------------------    -------------------
                         (clock clk_out1_design_1_clk_pix_0 rise edge)
                                                      0.000     0.000 r  
    H16                                               0.000     0.000 r  sysclk (IN)
                         net (fo=0)                   0.000     0.000    design_1_i/clk_pix/inst/clk_in1
    H16                  IBUF (Prop_ibuf_I_O)         1.457     1.457 r  design_1_i/clk_pix/inst/clkin1_ibufg/O
                         net (fo=1, routed)           1.285     2.742    design_1_i/clk_pix/inst/clk_in1_design_1_clk_pix_0
    MMCME2_ADV_X0Y1      MMCME2_ADV (Prop_mmcme2_adv_CLKIN1_CLKOUT0)
                                                     -6.996    -4.254 r  design_1_i/clk_pix/inst/mmcm_adv_inst/CLKOUT0
                         net (fo=1, routed)           1.760    -2.494    design_1_i/clk_pix/inst/clk_out1_design_1_clk_pix_0
    BUFGCTRL_X0Y16       BUFG (Prop_bufg_I_O)         0.101    -2.393 r  design_1_i/clk_pix/inst/clkout1_buf/O
                         net (fo=8142, routed)        1.738    -0.655    design_1_i/video/U0/u_chain/u_lapl/u_conv/u_win/clk
    SLICE_X36Y53         FDCE                                         r  design_1_i/video/U0/u_chain/u_lapl/u_conv/u_win/row_r_reg[6]/C
  -------------------------------------------------------------------    -------------------
    SLICE_X36Y53         FDCE (Prop_fdce_C_Q)         0.419    -0.236 r  design_1_i/video/U0/u_chain/u_lapl/u_conv/u_win/row_r_reg[6]/Q
                         net (fo=8, routed)           1.225     0.989    design_1_i/video/U0/u_chain/u_lapl/u_conv/u_win/row_r_reg_n_0_[6]
    SLICE_X36Y52         LUT6 (Prop_lut6_I1_O)        0.299     1.288 f  design_1_i/video/U0/u_chain/u_lapl/u_conv/u_win/row_r[8]_i_3__0/O
                         net (fo=1, routed)           0.159     1.447    design_1_i/video/U0/u_chain/u_lapl/u_conv/u_win/row_r[8]_i_3__0_n_0
    SLICE_X36Y52         LUT6 (Prop_lut6_I5_O)        0.124     1.571 r  design_1_i/video/U0/u_chain/u_lapl/u_conv/u_win/row_r[8]_i_2/O
                         net (fo=17, routed)          1.248     2.819    design_1_i/video/U0/u_chain/u_lapl/u_conv/u_win/row_r[8]_i_2_n_0
    SLICE_X41Y35         LUT6 (Prop_lut6_I4_O)        0.124     2.943 r  design_1_i/video/U0/u_chain/u_lapl/u_conv/u_win/res6_carry__0_i_9/O
                         net (fo=5, routed)           0.853     3.797    design_1_i/video/U0/u_chain/u_lapl/u_conv/u_win/res6_carry__0_i_9_n_0
    SLICE_X41Y38         LUT4 (Prop_lut4_I0_O)        0.152     3.949 r  design_1_i/video/U0/u_chain/u_lapl/u_conv/u_win/res6_carry__0_i_2/O
                         net (fo=2, routed)           0.593     4.541    design_1_i/video/U0/u_chain/u_lapl/u_conv/u_win/res7[5]
    SLICE_X39Y38         LUT5 (Prop_lut5_I0_O)        0.332     4.873 r  design_1_i/video/U0/u_chain/u_lapl/u_conv/u_win/res6_carry__0_i_6/O
                         net (fo=1, routed)           0.000     4.873    design_1_i/video/U0/u_chain/u_lapl/u_conv/u_win_n_68
    SLICE_X39Y38         CARRY4 (Prop_carry4_S[2]_CO[3])
                                                      0.398     5.271 r  design_1_i/video/U0/u_chain/u_lapl/u_conv/res6_carry__0/CO[3]
                         net (fo=1, routed)           0.000     5.271    design_1_i/video/U0/u_chain/u_lapl/u_conv/res6_carry__0_n_0
    SLICE_X39Y39         CARRY4 (Prop_carry4_CI_O[0])
                                                      0.222     5.493 r  design_1_i/video/U0/u_chain/u_lapl/u_conv/res6_carry__1/O[0]
                         net (fo=2, routed)           0.603     6.096    design_1_i/video/U0/u_chain/u_lapl/u_conv/u_win/res6__29_carry__1_0[0]
    SLICE_X40Y39         LUT6 (Prop_lut6_I5_O)        0.299     6.395 r  design_1_i/video/U0/u_chain/u_lapl/u_conv/u_win/res6__29_carry__1_i_4/O
                         net (fo=1, routed)           0.000     6.395    design_1_i/video/U0/u_chain/u_lapl/u_conv/u_win_n_94
    SLICE_X40Y39         CARRY4 (Prop_carry4_S[0]_O[2])
                                                      0.547     6.942 r  design_1_i/video/U0/u_chain/u_lapl/u_conv/res6__29_carry__1/O[2]
                         net (fo=3, routed)           0.943     7.885    design_1_i/video/U0/u_chain/u_lapl/u_conv/u_win/C[10]
    SLICE_X40Y42         LUT2 (Prop_lut2_I0_O)        0.302     8.187 r  design_1_i/video/U0/u_chain/u_lapl/u_conv/u_win/res6__62_carry__1_i_2/O
                         net (fo=1, routed)           0.000     8.187    design_1_i/video/U0/u_chain/u_lapl/u_conv/u_win_n_87
    SLICE_X40Y42         CARRY4 (Prop_carry4_S[3]_CO[3])
                                                      0.401     8.588 r  design_1_i/video/U0/u_chain/u_lapl/u_conv/res6__62_carry__1/CO[3]
                         net (fo=1, routed)           0.000     8.588    design_1_i/video/U0/u_chain/u_lapl/u_conv/res6__62_carry__1_n_0
    SLICE_X40Y43         CARRY4 (Prop_carry4_CI_O[0])
                                                      0.222     8.810 r  design_1_i/video/U0/u_chain/u_lapl/u_conv/res6__62_carry__2/O[0]
                         net (fo=20, routed)          1.210    10.020    design_1_i/video/U0/u_chain/u_lapl/u_conv/u_win/PCIN[2]
    SLICE_X37Y47         CARRY4 (Prop_carry4_S[1]_CO[3])
                                                      0.849    10.869 r  design_1_i/video/U0/u_chain/u_lapl/u_conv/u_win/clamp_u1_carry_i_9/CO[3]
                         net (fo=1, routed)           0.000    10.869    design_1_i/video/U0/u_chain/u_lapl/u_conv/u_win/clamp_u1_carry_i_9_n_0
    SLICE_X37Y48         CARRY4 (Prop_carry4_CI_CO[3])
                                                      0.114    10.983 r  design_1_i/video/U0/u_chain/u_lapl/u_conv/u_win/clamp_u1_carry__0_i_13/CO[3]
                         net (fo=1, routed)           0.000    10.983    design_1_i/video/U0/u_chain/u_lapl/u_conv/u_win/clamp_u1_carry__0_i_13_n_0
    SLICE_X37Y49         CARRY4 (Prop_carry4_CI_CO[3])
                                                      0.114    11.097 r  design_1_i/video/U0/u_chain/u_lapl/u_conv/u_win/clamp_u1_carry__0_i_9/CO[3]
                         net (fo=1, routed)           0.001    11.097    design_1_i/video/U0/u_chain/u_lapl/u_conv/u_win/clamp_u1_carry__0_i_9_n_0
    SLICE_X37Y50         CARRY4 (Prop_carry4_CI_O[2])
                                                      0.239    11.336 r  design_1_i/video/U0/u_chain/u_lapl/u_conv/u_win/res_r_reg[10]_i_2/O[2]
                         net (fo=101, routed)         0.945    12.281    design_1_i/video/u_chain/u_lapl/res6[31]
    SLICE_X40Y44         LUT3 (Prop_lut3_I1_O)        0.302    12.583 r  design_1_i/video/res_r[4]_i_9/O
                         net (fo=1, routed)           0.000    12.583    design_1_i/video/U0/u_chain/u_lapl/u_conv/res_r_reg[4]_0[0]
    SLICE_X40Y44         CARRY4 (Prop_carry4_S[0]_CO[3])
                                                      0.532    13.115 r  design_1_i/video/U0/u_chain/u_lapl/u_conv/res_r_reg[4]_i_2/CO[3]
                         net (fo=1, routed)           0.000    13.115    design_1_i/video/U0/u_chain/u_lapl/u_conv/res_r_reg[4]_i_2_n_0
    SLICE_X40Y45         CARRY4 (Prop_carry4_CI_CO[3])
                                                      0.114    13.229 r  design_1_i/video/U0/u_chain/u_lapl/u_conv/res_r_reg[8]_i_2/CO[3]
                         net (fo=1, routed)           0.000    13.229    design_1_i/video/U0/u_chain/u_lapl/u_conv/res_r_reg[8]_i_2_n_0
    SLICE_X40Y46         CARRY4 (Prop_carry4_CI_CO[3])
                                                      0.114    13.343 r  design_1_i/video/U0/u_chain/u_lapl/u_conv/res_r_reg[10]_i_4/CO[3]
                         net (fo=1, routed)           0.000    13.343    design_1_i/video/U0/u_chain/u_lapl/u_conv/res_r_reg[10]_i_4_n_0
    SLICE_X40Y47         CARRY4 (Prop_carry4_CI_CO[3])
                                                      0.114    13.457 r  design_1_i/video/U0/u_chain/u_lapl/u_conv/clamp_u1_carry_i_14/CO[3]
                         net (fo=1, routed)           0.000    13.457    design_1_i/video/U0/u_chain/u_lapl/u_conv/clamp_u1_carry_i_14_n_0
    SLICE_X40Y48         CARRY4 (Prop_carry4_CI_O[0])
                                                      0.222    13.679 f  design_1_i/video/U0/u_chain/u_lapl/u_conv/clamp_u1_carry_i_10/O[0]
                         net (fo=3, routed)           0.678    14.357    design_1_i/video/u_chain/u_lapl/res4[17]
    SLICE_X41Y48         LUT3 (Prop_lut3_I2_O)        0.299    14.656 r  design_1_i/video/clamp_u1_carry_i_25/O
                         net (fo=1, routed)           0.000    14.656    design_1_i/video/U0/u_chain/u_lapl/u_conv/clamp_u1_carry_i_5_0[0]
    SLICE_X41Y48         CARRY4 (Prop_carry4_S[0]_CO[3])
                                                      0.532    15.188 r  design_1_i/video/U0/u_chain/u_lapl/u_conv/clamp_u1_carry_i_11/CO[3]
                         net (fo=1, routed)           0.000    15.188    design_1_i/video/U0/u_chain/u_lapl/u_conv/clamp_u1_carry_i_11_n_0
    SLICE_X41Y49         CARRY4 (Prop_carry4_CI_O[1])
                                                      0.334    15.522 r  design_1_i/video/U0/u_chain/u_lapl/u_conv/clamp_u1_carry__0_i_15/O[1]
                         net (fo=1, routed)           0.855    16.377    design_1_i/video/U0/u_chain/u_lapl/u_conv/res1[22]
    SLICE_X43Y51         LUT5 (Prop_lut5_I0_O)        0.303    16.680 r  design_1_i/video/U0/u_chain/u_lapl/u_conv/clamp_u1_carry__0_i_16/O
                         net (fo=2, routed)           0.647    17.327    design_1_i/video/U0/u_chain/u_lapl/u_conv/clamp_u1_carry__0_i_16_n_0
    SLICE_X43Y50         LUT6 (Prop_lut6_I5_O)        0.124    17.451 r  design_1_i/video/U0/u_chain/u_lapl/u_conv/clamp_u1_carry__0_i_2/O
                         net (fo=1, routed)           0.773    18.224    design_1_i/video/U0/u_chain/u_lapl/u_conv/clamp_u1_carry__0_i_2_n_0
    SLICE_X43Y48         CARRY4 (Prop_carry4_DI[2]_CO[3])
                                                      0.398    18.622 r  design_1_i/video/U0/u_chain/u_lapl/u_conv/clamp_u1_carry__0/CO[3]
                         net (fo=1, routed)           0.000    18.622    design_1_i/video/U0/u_chain/u_lapl/u_conv/clamp_u1_carry__0_n_0
    SLICE_X43Y49         CARRY4 (Prop_carry4_CI_CO[2])
                                                      0.228    18.850 r  design_1_i/video/U0/u_chain/u_lapl/u_conv/clamp_u1_carry__1/CO[2]
                         net (fo=11, routed)          0.875    19.725    design_1_i/video/U0/u_chain/u_lapl/u_conv/clamp_u1
    SLICE_X41Y43         LUT6 (Prop_lut6_I5_O)        0.313    20.038 r  design_1_i/video/U0/u_chain/u_lapl/u_conv/res_r[1]_i_1__0/O
                         net (fo=1, routed)           0.000    20.038    design_1_i/video/U0/u_chain/u_lapl/u_conv/clamp_u[1]
    SLICE_X41Y43         FDCE                                         r  design_1_i/video/U0/u_chain/u_lapl/u_conv/res_r_reg[1]/D
  -------------------------------------------------------------------    -------------------

                         (clock clk_out1_design_1_clk_pix_0_1 rise edge)
                                                     39.724    39.724 r  
    H16                                               0.000    39.724 r  sysclk (IN)
                         net (fo=0)                   0.000    39.724    design_1_i/clk_pix/inst/clk_in1
    H16                  IBUF (Prop_ibuf_I_O)         1.387    41.110 r  design_1_i/clk_pix/inst/clkin1_ibufg/O
                         net (fo=1, routed)           1.162    42.272    design_1_i/clk_pix/inst/clk_in1_design_1_clk_pix_0
    MMCME2_ADV_X0Y1      MMCME2_ADV (Prop_mmcme2_adv_CLKIN1_CLKOUT0)
                                                     -7.105    35.168 r  design_1_i/clk_pix/inst/mmcm_adv_inst/CLKOUT0
                         net (fo=1, routed)           1.599    36.767    design_1_i/clk_pix/inst/clk_out1_design_1_clk_pix_0
    BUFGCTRL_X0Y16       BUFG (Prop_bufg_I_O)         0.091    36.858 r  design_1_i/clk_pix/inst/clkout1_buf/O
                         net (fo=8142, routed)        1.579    38.437    design_1_i/video/U0/u_chain/u_lapl/u_conv/clk
    SLICE_X41Y43         FDCE                                         r  design_1_i/video/U0/u_chain/u_lapl/u_conv/res_r_reg[1]/C
                         clock pessimism              0.473    38.910    
                         clock uncertainty           -0.145    38.765    
    SLICE_X41Y43         FDCE (Setup_fdce_C_D)        0.029    38.794    design_1_i/video/U0/u_chain/u_lapl/u_conv/res_r_reg[1]
  -------------------------------------------------------------------
                         required time                         38.794    
                         arrival time                         -20.038    
  -------------------------------------------------------------------
                         slack                                 18.756    





Min Delay Paths
--------------------------------------------------------------------------------------
Slack (MET) :             0.007ns  (arrival time - required time)
  Source:                 design_1_i/DMA24bUnit_mm2s_0/U0/grp_DMA24b_mm2s_fu_78/DMA24b_mm2s_fetch_U0/trunc_ln1_reg_492_reg[14]/C
                            (rising edge-triggered cell FDRE clocked by clk_out1_design_1_clk_pix_0  {rise@0.000ns fall@19.862ns period=39.724ns})
  Destination:            design_1_i/DMA24bUnit_mm2s_0/U0/gmem_m_axi_U/bus_read/rs_rreq/data_p1_reg[14]/D
                            (rising edge-triggered cell FDRE clocked by clk_out1_design_1_clk_pix_0_1  {rise@0.000ns fall@19.862ns period=39.724ns})
  Path Group:             clk_out1_design_1_clk_pix_0_1
  Path Type:              Hold (Min at Fast Process Corner)
  Requirement:            0.000ns  (clk_out1_design_1_clk_pix_0_1 rise@0.000ns - clk_out1_design_1_clk_pix_0 rise@0.000ns)
  Data Path Delay:        0.285ns  (logic 0.186ns (65.209%)  route 0.099ns (34.791%))
  Logic Levels:           1  (LUT4=1)
  Clock Path Skew:        0.013ns (DCD - SCD - CPR)
    Destination Clock Delay (DCD):    -0.751ns
    Source Clock Delay      (SCD):    -0.515ns
    Clock Pessimism Removal (CPR):    -0.249ns
  Clock Uncertainty:      0.145ns  ((TSJ^2 + DJ^2)^1/2) / 2 + PE
    Total System Jitter     (TSJ):    0.071ns
    Discrete Jitter          (DJ):    0.281ns
    Phase Error              (PE):    0.000ns
  Clock Domain Crossing:  Inter clock paths are considered valid unless explicitly excluded by timing constraints such as set_clock_groups or set_false_path.

    Location             Delay type                Incr(ns)  Path(ns)    Netlist Resource(s)
  -------------------------------------------------------------------    -------------------
                         (clock clk_out1_design_1_clk_pix_0 rise edge)
                                                      0.000     0.000 r  
    H16                                               0.000     0.000 r  sysclk (IN)
                         net (fo=0)                   0.000     0.000    design_1_i/clk_pix/inst/clk_in1
    H16                  IBUF (Prop_ibuf_I_O)         0.225     0.225 r  design_1_i/clk_pix/inst/clkin1_ibufg/O
                         net (fo=1, routed)           0.440     0.665    design_1_i/clk_pix/inst/clk_in1_design_1_clk_pix_0
    MMCME2_ADV_X0Y1      MMCME2_ADV (Prop_mmcme2_adv_CLKIN1_CLKOUT0)
                                                     -2.268    -1.602 r  design_1_i/clk_pix/inst/mmcm_adv_inst/CLKOUT0
                         net (fo=1, routed)           0.482    -1.120    design_1_i/clk_pix/inst/clk_out1_design_1_clk_pix_0
    BUFGCTRL_X0Y16       BUFG (Prop_bufg_I_O)         0.026    -1.094 r  design_1_i/clk_pix/inst/clkout1_buf/O
                         net (fo=8142, routed)        0.580    -0.515    design_1_i/DMA24bUnit_mm2s_0/U0/grp_DMA24b_mm2s_fu_78/DMA24b_mm2s_fetch_U0/ap_clk
    SLICE_X5Y31          FDRE                                         r  design_1_i/DMA24bUnit_mm2s_0/U0/grp_DMA24b_mm2s_fu_78/DMA24b_mm2s_fetch_U0/trunc_ln1_reg_492_reg[14]/C
  -------------------------------------------------------------------    -------------------
    SLICE_X5Y31          FDRE (Prop_fdre_C_Q)         0.141    -0.374 r  design_1_i/DMA24bUnit_mm2s_0/U0/grp_DMA24b_mm2s_fu_78/DMA24b_mm2s_fetch_U0/trunc_ln1_reg_492_reg[14]/Q
                         net (fo=2, routed)           0.099    -0.274    design_1_i/DMA24bUnit_mm2s_0/U0/gmem_m_axi_U/bus_read/rs_rreq/D[14]
    SLICE_X4Y31          LUT4 (Prop_lut4_I0_O)        0.045    -0.229 r  design_1_i/DMA24bUnit_mm2s_0/U0/gmem_m_axi_U/bus_read/rs_rreq/data_p1[14]_i_1/O
                         net (fo=1, routed)           0.000    -0.229    design_1_i/DMA24bUnit_mm2s_0/U0/gmem_m_axi_U/bus_read/rs_rreq/data_p1[14]_i_1_n_2
    SLICE_X4Y31          FDRE                                         r  design_1_i/DMA24bUnit_mm2s_0/U0/gmem_m_axi_U/bus_read/rs_rreq/data_p1_reg[14]/D
  -------------------------------------------------------------------    -------------------

                         (clock clk_out1_design_1_clk_pix_0_1 rise edge)
                                                      0.000     0.000 r  
    H16                                               0.000     0.000 r  sysclk (IN)
                         net (fo=0)                   0.000     0.000    design_1_i/clk_pix/inst/clk_in1
    H16                  IBUF (Prop_ibuf_I_O)         0.413     0.413 r  design_1_i/clk_pix/inst/clkin1_ibufg/O
                         net (fo=1, routed)           0.480     0.893    design_1_i/clk_pix/inst/clk_in1_design_1_clk_pix_0
    MMCME2_ADV_X0Y1      MMCME2_ADV (Prop_mmcme2_adv_CLKIN1_CLKOUT0)
                                                     -3.047    -2.154 r  design_1_i/clk_pix/inst/mmcm_adv_inst/CLKOUT0
                         net (fo=1, routed)           0.528    -1.626    design_1_i/clk_pix/inst/clk_out1_design_1_clk_pix_0
    BUFGCTRL_X0Y16       BUFG (Prop_bufg_I_O)         0.029    -1.597 r  design_1_i/clk_pix/inst/clkout1_buf/O
                         net (fo=8142, routed)        0.846    -0.751    design_1_i/DMA24bUnit_mm2s_0/U0/gmem_m_axi_U/bus_read/rs_rreq/ap_clk
    SLICE_X4Y31          FDRE                                         r  design_1_i/DMA24bUnit_mm2s_0/U0/gmem_m_axi_U/bus_read/rs_rreq/data_p1_reg[14]/C
                         clock pessimism              0.249    -0.502    
                         clock uncertainty            0.145    -0.357    
    SLICE_X4Y31          FDRE (Hold_fdre_C_D)         0.120    -0.237    design_1_i/DMA24bUnit_mm2s_0/U0/gmem_m_axi_U/bus_read/rs_rreq/data_p1_reg[14]
  -------------------------------------------------------------------
                         required time                          0.237    
                         arrival time                          -0.229    
  -------------------------------------------------------------------
                         slack                                  0.007    





---------------------------------------------------------------------------------------------------
From Clock:  clk_fpga_0
  To Clock:  clk_out1_design_1_clk_pix_0

Setup :            0  Failing Endpoints,  Worst Slack       18.612ns,  Total Violation        0.000ns
Hold  :           NA  Failing Endpoints,  Worst Slack           NA  ,  Total Violation           NA
---------------------------------------------------------------------------------------------------


Max Delay Paths
--------------------------------------------------------------------------------------
Slack (MET) :             18.612ns  (required time - arrival time)
  Source:                 design_1_i/ps7_0_axi_periph/m02_couplers/auto_cc/inst/gen_clock_conv.gen_async_conv.asyncfifo_axi/inst_fifo_gen/gaxi_full_lite.gwrite_ch.gwdch2.axi_wdch/grf.rf/gntv_or_sync_fifo.gcx.clkx/wr_pntr_cdc_inst/src_gray_ff_reg[1]/C
                            (rising edge-triggered cell FDRE clocked by clk_fpga_0  {rise@0.000ns fall@10.000ns period=20.000ns})
  Destination:            design_1_i/ps7_0_axi_periph/m02_couplers/auto_cc/inst/gen_clock_conv.gen_async_conv.asyncfifo_axi/inst_fifo_gen/gaxi_full_lite.gwrite_ch.gwdch2.axi_wdch/grf.rf/gntv_or_sync_fifo.gcx.clkx/wr_pntr_cdc_inst/dest_graysync_ff_reg[0][1]/D
                            (rising edge-triggered cell FDRE clocked by clk_out1_design_1_clk_pix_0  {rise@0.000ns fall@19.862ns period=39.724ns})
  Path Group:             clk_out1_design_1_clk_pix_0
  Path Type:              Setup (Max at Slow Process Corner)
  Requirement:            20.000ns  (MaxDelay Path 20.000ns)
  Data Path Delay:        1.124ns  (logic 0.478ns (42.529%)  route 0.646ns (57.471%))
  Logic Levels:           0  
  Timing Exception:       MaxDelay Path 20.000ns -datapath_only

    Location             Delay type                Incr(ns)  Path(ns)    Netlist Resource(s)
  -------------------------------------------------------------------    -------------------
    SLICE_X16Y73                                      0.000     0.000 r  design_1_i/ps7_0_axi_periph/m02_couplers/auto_cc/inst/gen_clock_conv.gen_async_conv.asyncfifo_axi/inst_fifo_gen/gaxi_full_lite.gwrite_ch.gwdch2.axi_wdch/grf.rf/gntv_or_sync_fifo.gcx.clkx/wr_pntr_cdc_inst/src_gray_ff_reg[1]/C
    SLICE_X16Y73         FDRE (Prop_fdre_C_Q)         0.478     0.478 r  design_1_i/ps7_0_axi_periph/m02_couplers/auto_cc/inst/gen_clock_conv.gen_async_conv.asyncfifo_axi/inst_fifo_gen/gaxi_full_lite.gwrite_ch.gwdch2.axi_wdch/grf.rf/gntv_or_sync_fifo.gcx.clkx/wr_pntr_cdc_inst/src_gray_ff_reg[1]/Q
                         net (fo=1, routed)           0.646     1.124    design_1_i/ps7_0_axi_periph/m02_couplers/auto_cc/inst/gen_clock_conv.gen_async_conv.asyncfifo_axi/inst_fifo_gen/gaxi_full_lite.gwrite_ch.gwdch2.axi_wdch/grf.rf/gntv_or_sync_fifo.gcx.clkx/wr_pntr_cdc_inst/async_path[1]
    SLICE_X17Y73         FDRE                                         r  design_1_i/ps7_0_axi_periph/m02_couplers/auto_cc/inst/gen_clock_conv.gen_async_conv.asyncfifo_axi/inst_fifo_gen/gaxi_full_lite.gwrite_ch.gwdch2.axi_wdch/grf.rf/gntv_or_sync_fifo.gcx.clkx/wr_pntr_cdc_inst/dest_graysync_ff_reg[0][1]/D
  -------------------------------------------------------------------    -------------------

                         max delay                   20.000    20.000    
    SLICE_X17Y73         FDRE (Setup_fdre_C_D)       -0.264    19.736    design_1_i/ps7_0_axi_periph/m02_couplers/auto_cc/inst/gen_clock_conv.gen_async_conv.asyncfifo_axi/inst_fifo_gen/gaxi_full_lite.gwrite_ch.gwdch2.axi_wdch/grf.rf/gntv_or_sync_fifo.gcx.clkx/wr_pntr_cdc_inst/dest_graysync_ff_reg[0][1]
  -------------------------------------------------------------------
                         required time                         19.736    
                         arrival time                          -1.124    
  -------------------------------------------------------------------
                         slack                                 18.612    





---------------------------------------------------------------------------------------------------
From Clock:  clk_out1_design_1_clk_pix_0_1
  To Clock:  clk_out1_design_1_clk_pix_0

Setup :            0  Failing Endpoints,  Worst Slack       18.756ns,  Total Violation        0.000ns
Hold  :            0  Failing Endpoints,  Worst Slack        0.007ns,  Total Violation        0.000ns
---------------------------------------------------------------------------------------------------


Max Delay Paths
--------------------------------------------------------------------------------------
Slack (MET) :             18.756ns  (required time - arrival time)
  Source:                 design_1_i/video/U0/u_chain/u_lapl/u_conv/u_win/row_r_reg[6]/C
                            (rising edge-triggered cell FDCE clocked by clk_out1_design_1_clk_pix_0_1  {rise@0.000ns fall@19.862ns period=39.724ns})
  Destination:            design_1_i/video/U0/u_chain/u_lapl/u_conv/res_r_reg[1]/D
                            (rising edge-triggered cell FDCE clocked by clk_out1_design_1_clk_pix_0  {rise@0.000ns fall@19.862ns period=39.724ns})
  Path Group:             clk_out1_design_1_clk_pix_0
  Path Type:              Setup (Max at Slow Process Corner)
  Requirement:            39.724ns  (clk_out1_design_1_clk_pix_0 rise@39.724ns - clk_out1_design_1_clk_pix_0_1 rise@0.000ns)
  Data Path Delay:        20.693ns  (logic 9.086ns (43.910%)  route 11.607ns (56.090%))
  Logic Levels:           30  (CARRY4=18 LUT2=1 LUT3=2 LUT4=1 LUT5=2 LUT6=6)
  Clock Path Skew:        -0.159ns (DCD - SCD + CPR)
    Destination Clock Delay (DCD):    -1.287ns = ( 38.437 - 39.724 ) 
    Source Clock Delay      (SCD):    -0.655ns
    Clock Pessimism Removal (CPR):    0.473ns
  Clock Uncertainty:      0.145ns  ((TSJ^2 + DJ^2)^1/2) / 2 + PE
    Total System Jitter     (TSJ):    0.071ns
    Discrete Jitter          (DJ):    0.281ns
    Phase Error              (PE):    0.000ns
  Clock Domain Crossing:  Inter clock paths are considered valid unless explicitly excluded by timing constraints such as set_clock_groups or set_false_path.

    Location             Delay type                Incr(ns)  Path(ns)    Netlist Resource(s)
  -------------------------------------------------------------------    -------------------
                         (clock clk_out1_design_1_clk_pix_0_1 rise edge)
                                                      0.000     0.000 r  
    H16                                               0.000     0.000 r  sysclk (IN)
                         net (fo=0)                   0.000     0.000    design_1_i/clk_pix/inst/clk_in1
    H16                  IBUF (Prop_ibuf_I_O)         1.457     1.457 r  design_1_i/clk_pix/inst/clkin1_ibufg/O
                         net (fo=1, routed)           1.285     2.742    design_1_i/clk_pix/inst/clk_in1_design_1_clk_pix_0
    MMCME2_ADV_X0Y1      MMCME2_ADV (Prop_mmcme2_adv_CLKIN1_CLKOUT0)
                                                     -6.996    -4.254 r  design_1_i/clk_pix/inst/mmcm_adv_inst/CLKOUT0
                         net (fo=1, routed)           1.760    -2.494    design_1_i/clk_pix/inst/clk_out1_design_1_clk_pix_0
    BUFGCTRL_X0Y16       BUFG (Prop_bufg_I_O)         0.101    -2.393 r  design_1_i/clk_pix/inst/clkout1_buf/O
                         net (fo=8142, routed)        1.738    -0.655    design_1_i/video/U0/u_chain/u_lapl/u_conv/u_win/clk
    SLICE_X36Y53         FDCE                                         r  design_1_i/video/U0/u_chain/u_lapl/u_conv/u_win/row_r_reg[6]/C
  -------------------------------------------------------------------    -------------------
    SLICE_X36Y53         FDCE (Prop_fdce_C_Q)         0.419    -0.236 r  design_1_i/video/U0/u_chain/u_lapl/u_conv/u_win/row_r_reg[6]/Q
                         net (fo=8, routed)           1.225     0.989    design_1_i/video/U0/u_chain/u_lapl/u_conv/u_win/row_r_reg_n_0_[6]
    SLICE_X36Y52         LUT6 (Prop_lut6_I1_O)        0.299     1.288 f  design_1_i/video/U0/u_chain/u_lapl/u_conv/u_win/row_r[8]_i_3__0/O
                         net (fo=1, routed)           0.159     1.447    design_1_i/video/U0/u_chain/u_lapl/u_conv/u_win/row_r[8]_i_3__0_n_0
    SLICE_X36Y52         LUT6 (Prop_lut6_I5_O)        0.124     1.571 r  design_1_i/video/U0/u_chain/u_lapl/u_conv/u_win/row_r[8]_i_2/O
                         net (fo=17, routed)          1.248     2.819    design_1_i/video/U0/u_chain/u_lapl/u_conv/u_win/row_r[8]_i_2_n_0
    SLICE_X41Y35         LUT6 (Prop_lut6_I4_O)        0.124     2.943 r  design_1_i/video/U0/u_chain/u_lapl/u_conv/u_win/res6_carry__0_i_9/O
                         net (fo=5, routed)           0.853     3.797    design_1_i/video/U0/u_chain/u_lapl/u_conv/u_win/res6_carry__0_i_9_n_0
    SLICE_X41Y38         LUT4 (Prop_lut4_I0_O)        0.152     3.949 r  design_1_i/video/U0/u_chain/u_lapl/u_conv/u_win/res6_carry__0_i_2/O
                         net (fo=2, routed)           0.593     4.541    design_1_i/video/U0/u_chain/u_lapl/u_conv/u_win/res7[5]
    SLICE_X39Y38         LUT5 (Prop_lut5_I0_O)        0.332     4.873 r  design_1_i/video/U0/u_chain/u_lapl/u_conv/u_win/res6_carry__0_i_6/O
                         net (fo=1, routed)           0.000     4.873    design_1_i/video/U0/u_chain/u_lapl/u_conv/u_win_n_68
    SLICE_X39Y38         CARRY4 (Prop_carry4_S[2]_CO[3])
                                                      0.398     5.271 r  design_1_i/video/U0/u_chain/u_lapl/u_conv/res6_carry__0/CO[3]
                         net (fo=1, routed)           0.000     5.271    design_1_i/video/U0/u_chain/u_lapl/u_conv/res6_carry__0_n_0
    SLICE_X39Y39         CARRY4 (Prop_carry4_CI_O[0])
                                                      0.222     5.493 r  design_1_i/video/U0/u_chain/u_lapl/u_conv/res6_carry__1/O[0]
                         net (fo=2, routed)           0.603     6.096    design_1_i/video/U0/u_chain/u_lapl/u_conv/u_win/res6__29_carry__1_0[0]
    SLICE_X40Y39         LUT6 (Prop_lut6_I5_O)        0.299     6.395 r  design_1_i/video/U0/u_chain/u_lapl/u_conv/u_win/res6__29_carry__1_i_4/O
                         net (fo=1, routed)           0.000     6.395    design_1_i/video/U0/u_chain/u_lapl/u_conv/u_win_n_94
    SLICE_X40Y39         CARRY4 (Prop_carry4_S[0]_O[2])
                                                      0.547     6.942 r  design_1_i/video/U0/u_chain/u_lapl/u_conv/res6__29_carry__1/O[2]
                         net (fo=3, routed)           0.943     7.885    design_1_i/video/U0/u_chain/u_lapl/u_conv/u_win/C[10]
    SLICE_X40Y42         LUT2 (Prop_lut2_I0_O)        0.302     8.187 r  design_1_i/video/U0/u_chain/u_lapl/u_conv/u_win/res6__62_carry__1_i_2/O
                         net (fo=1, routed)           0.000     8.187    design_1_i/video/U0/u_chain/u_lapl/u_conv/u_win_n_87
    SLICE_X40Y42         CARRY4 (Prop_carry4_S[3]_CO[3])
                                                      0.401     8.588 r  design_1_i/video/U0/u_chain/u_lapl/u_conv/res6__62_carry__1/CO[3]
                         net (fo=1, routed)           0.000     8.588    design_1_i/video/U0/u_chain/u_lapl/u_conv/res6__62_carry__1_n_0
    SLICE_X40Y43         CARRY4 (Prop_carry4_CI_O[0])
                                                      0.222     8.810 r  design_1_i/video/U0/u_chain/u_lapl/u_conv/res6__62_carry__2/O[0]
                         net (fo=20, routed)          1.210    10.020    design_1_i/video/U0/u_chain/u_lapl/u_conv/u_win/PCIN[2]
    SLICE_X37Y47         CARRY4 (Prop_carry4_S[1]_CO[3])
                                                      0.849    10.869 r  design_1_i/video/U0/u_chain/u_lapl/u_conv/u_win/clamp_u1_carry_i_9/CO[3]
                         net (fo=1, routed)           0.000    10.869    design_1_i/video/U0/u_chain/u_lapl/u_conv/u_win/clamp_u1_carry_i_9_n_0
    SLICE_X37Y48         CARRY4 (Prop_carry4_CI_CO[3])
                                                      0.114    10.983 r  design_1_i/video/U0/u_chain/u_lapl/u_conv/u_win/clamp_u1_carry__0_i_13/CO[3]
                         net (fo=1, routed)           0.000    10.983    design_1_i/video/U0/u_chain/u_lapl/u_conv/u_win/clamp_u1_carry__0_i_13_n_0
    SLICE_X37Y49         CARRY4 (Prop_carry4_CI_CO[3])
                                                      0.114    11.097 r  design_1_i/video/U0/u_chain/u_lapl/u_conv/u_win/clamp_u1_carry__0_i_9/CO[3]
                         net (fo=1, routed)           0.001    11.097    design_1_i/video/U0/u_chain/u_lapl/u_conv/u_win/clamp_u1_carry__0_i_9_n_0
    SLICE_X37Y50         CARRY4 (Prop_carry4_CI_O[2])
                                                      0.239    11.336 r  design_1_i/video/U0/u_chain/u_lapl/u_conv/u_win/res_r_reg[10]_i_2/O[2]
                         net (fo=101, routed)         0.945    12.281    design_1_i/video/u_chain/u_lapl/res6[31]
    SLICE_X40Y44         LUT3 (Prop_lut3_I1_O)        0.302    12.583 r  design_1_i/video/res_r[4]_i_9/O
                         net (fo=1, routed)           0.000    12.583    design_1_i/video/U0/u_chain/u_lapl/u_conv/res_r_reg[4]_0[0]
    SLICE_X40Y44         CARRY4 (Prop_carry4_S[0]_CO[3])
                                                      0.532    13.115 r  design_1_i/video/U0/u_chain/u_lapl/u_conv/res_r_reg[4]_i_2/CO[3]
                         net (fo=1, routed)           0.000    13.115    design_1_i/video/U0/u_chain/u_lapl/u_conv/res_r_reg[4]_i_2_n_0
    SLICE_X40Y45         CARRY4 (Prop_carry4_CI_CO[3])
                                                      0.114    13.229 r  design_1_i/video/U0/u_chain/u_lapl/u_conv/res_r_reg[8]_i_2/CO[3]
                         net (fo=1, routed)           0.000    13.229    design_1_i/video/U0/u_chain/u_lapl/u_conv/res_r_reg[8]_i_2_n_0
    SLICE_X40Y46         CARRY4 (Prop_carry4_CI_CO[3])
                                                      0.114    13.343 r  design_1_i/video/U0/u_chain/u_lapl/u_conv/res_r_reg[10]_i_4/CO[3]
                         net (fo=1, routed)           0.000    13.343    design_1_i/video/U0/u_chain/u_lapl/u_conv/res_r_reg[10]_i_4_n_0
    SLICE_X40Y47         CARRY4 (Prop_carry4_CI_CO[3])
                                                      0.114    13.457 r  design_1_i/video/U0/u_chain/u_lapl/u_conv/clamp_u1_carry_i_14/CO[3]
                         net (fo=1, routed)           0.000    13.457    design_1_i/video/U0/u_chain/u_lapl/u_conv/clamp_u1_carry_i_14_n_0
    SLICE_X40Y48         CARRY4 (Prop_carry4_CI_O[0])
                                                      0.222    13.679 f  design_1_i/video/U0/u_chain/u_lapl/u_conv/clamp_u1_carry_i_10/O[0]
                         net (fo=3, routed)           0.678    14.357    design_1_i/video/u_chain/u_lapl/res4[17]
    SLICE_X41Y48         LUT3 (Prop_lut3_I2_O)        0.299    14.656 r  design_1_i/video/clamp_u1_carry_i_25/O
                         net (fo=1, routed)           0.000    14.656    design_1_i/video/U0/u_chain/u_lapl/u_conv/clamp_u1_carry_i_5_0[0]
    SLICE_X41Y48         CARRY4 (Prop_carry4_S[0]_CO[3])
                                                      0.532    15.188 r  design_1_i/video/U0/u_chain/u_lapl/u_conv/clamp_u1_carry_i_11/CO[3]
                         net (fo=1, routed)           0.000    15.188    design_1_i/video/U0/u_chain/u_lapl/u_conv/clamp_u1_carry_i_11_n_0
    SLICE_X41Y49         CARRY4 (Prop_carry4_CI_O[1])
                                                      0.334    15.522 r  design_1_i/video/U0/u_chain/u_lapl/u_conv/clamp_u1_carry__0_i_15/O[1]
                         net (fo=1, routed)           0.855    16.377    design_1_i/video/U0/u_chain/u_lapl/u_conv/res1[22]
    SLICE_X43Y51         LUT5 (Prop_lut5_I0_O)        0.303    16.680 r  design_1_i/video/U0/u_chain/u_lapl/u_conv/clamp_u1_carry__0_i_16/O
                         net (fo=2, routed)           0.647    17.327    design_1_i/video/U0/u_chain/u_lapl/u_conv/clamp_u1_carry__0_i_16_n_0
    SLICE_X43Y50         LUT6 (Prop_lut6_I5_O)        0.124    17.451 r  design_1_i/video/U0/u_chain/u_lapl/u_conv/clamp_u1_carry__0_i_2/O
                         net (fo=1, routed)           0.773    18.224    design_1_i/video/U0/u_chain/u_lapl/u_conv/clamp_u1_carry__0_i_2_n_0
    SLICE_X43Y48         CARRY4 (Prop_carry4_DI[2]_CO[3])
                                                      0.398    18.622 r  design_1_i/video/U0/u_chain/u_lapl/u_conv/clamp_u1_carry__0/CO[3]
                         net (fo=1, routed)           0.000    18.622    design_1_i/video/U0/u_chain/u_lapl/u_conv/clamp_u1_carry__0_n_0
    SLICE_X43Y49         CARRY4 (Prop_carry4_CI_CO[2])
                                                      0.228    18.850 r  design_1_i/video/U0/u_chain/u_lapl/u_conv/clamp_u1_carry__1/CO[2]
                         net (fo=11, routed)          0.875    19.725    design_1_i/video/U0/u_chain/u_lapl/u_conv/clamp_u1
    SLICE_X41Y43         LUT6 (Prop_lut6_I5_O)        0.313    20.038 r  design_1_i/video/U0/u_chain/u_lapl/u_conv/res_r[1]_i_1__0/O
                         net (fo=1, routed)           0.000    20.038    design_1_i/video/U0/u_chain/u_lapl/u_conv/clamp_u[1]
    SLICE_X41Y43         FDCE                                         r  design_1_i/video/U0/u_chain/u_lapl/u_conv/res_r_reg[1]/D
  -------------------------------------------------------------------    -------------------

                         (clock clk_out1_design_1_clk_pix_0 rise edge)
                                                     39.724    39.724 r  
    H16                                               0.000    39.724 r  sysclk (IN)
                         net (fo=0)                   0.000    39.724    design_1_i/clk_pix/inst/clk_in1
    H16                  IBUF (Prop_ibuf_I_O)         1.387    41.110 r  design_1_i/clk_pix/inst/clkin1_ibufg/O
                         net (fo=1, routed)           1.162    42.272    design_1_i/clk_pix/inst/clk_in1_design_1_clk_pix_0
    MMCME2_ADV_X0Y1      MMCME2_ADV (Prop_mmcme2_adv_CLKIN1_CLKOUT0)
                                                     -7.105    35.168 r  design_1_i/clk_pix/inst/mmcm_adv_inst/CLKOUT0
                         net (fo=1, routed)           1.599    36.767    design_1_i/clk_pix/inst/clk_out1_design_1_clk_pix_0
    BUFGCTRL_X0Y16       BUFG (Prop_bufg_I_O)         0.091    36.858 r  design_1_i/clk_pix/inst/clkout1_buf/O
                         net (fo=8142, routed)        1.579    38.437    design_1_i/video/U0/u_chain/u_lapl/u_conv/clk
    SLICE_X41Y43         FDCE                                         r  design_1_i/video/U0/u_chain/u_lapl/u_conv/res_r_reg[1]/C
                         clock pessimism              0.473    38.910    
                         clock uncertainty           -0.145    38.765    
    SLICE_X41Y43         FDCE (Setup_fdce_C_D)        0.029    38.794    design_1_i/video/U0/u_chain/u_lapl/u_conv/res_r_reg[1]
  -------------------------------------------------------------------
                         required time                         38.794    
                         arrival time                         -20.038    
  -------------------------------------------------------------------
                         slack                                 18.756    





Min Delay Paths
--------------------------------------------------------------------------------------
Slack (MET) :             0.007ns  (arrival time - required time)
  Source:                 design_1_i/DMA24bUnit_mm2s_0/U0/grp_DMA24b_mm2s_fu_78/DMA24b_mm2s_fetch_U0/trunc_ln1_reg_492_reg[14]/C
                            (rising edge-triggered cell FDRE clocked by clk_out1_design_1_clk_pix_0_1  {rise@0.000ns fall@19.862ns period=39.724ns})
  Destination:            design_1_i/DMA24bUnit_mm2s_0/U0/gmem_m_axi_U/bus_read/rs_rreq/data_p1_reg[14]/D
                            (rising edge-triggered cell FDRE clocked by clk_out1_design_1_clk_pix_0  {rise@0.000ns fall@19.862ns period=39.724ns})
  Path Group:             clk_out1_design_1_clk_pix_0
  Path Type:              Hold (Min at Fast Process Corner)
  Requirement:            0.000ns  (clk_out1_design_1_clk_pix_0 rise@0.000ns - clk_out1_design_1_clk_pix_0_1 rise@0.000ns)
  Data Path Delay:        0.285ns  (logic 0.186ns (65.209%)  route 0.099ns (34.791%))
  Logic Levels:           1  (LUT4=1)
  Clock Path Skew:        0.013ns (DCD - SCD - CPR)
    Destination Clock Delay (DCD):    -0.751ns
    Source Clock Delay      (SCD):    -0.515ns
    Clock Pessimism Removal (CPR):    -0.249ns
  Clock Uncertainty:      0.145ns  ((TSJ^2 + DJ^2)^1/2) / 2 + PE
    Total System Jitter     (TSJ):    0.071ns
    Discrete Jitter          (DJ):    0.281ns
    Phase Error              (PE):    0.000ns
  Clock Domain Crossing:  Inter clock paths are considered valid unless explicitly excluded by timing constraints such as set_clock_groups or set_false_path.

    Location             Delay type                Incr(ns)  Path(ns)    Netlist Resource(s)
  -------------------------------------------------------------------    -------------------
                         (clock clk_out1_design_1_clk_pix_0_1 rise edge)
                                                      0.000     0.000 r  
    H16                                               0.000     0.000 r  sysclk (IN)
                         net (fo=0)                   0.000     0.000    design_1_i/clk_pix/inst/clk_in1
    H16                  IBUF (Prop_ibuf_I_O)         0.225     0.225 r  design_1_i/clk_pix/inst/clkin1_ibufg/O
                         net (fo=1, routed)           0.440     0.665    design_1_i/clk_pix/inst/clk_in1_design_1_clk_pix_0
    MMCME2_ADV_X0Y1      MMCME2_ADV (Prop_mmcme2_adv_CLKIN1_CLKOUT0)
                                                     -2.268    -1.602 r  design_1_i/clk_pix/inst/mmcm_adv_inst/CLKOUT0
                         net (fo=1, routed)           0.482    -1.120    design_1_i/clk_pix/inst/clk_out1_design_1_clk_pix_0
    BUFGCTRL_X0Y16       BUFG (Prop_bufg_I_O)         0.026    -1.094 r  design_1_i/clk_pix/inst/clkout1_buf/O
                         net (fo=8142, routed)        0.580    -0.515    design_1_i/DMA24bUnit_mm2s_0/U0/grp_DMA24b_mm2s_fu_78/DMA24b_mm2s_fetch_U0/ap_clk
    SLICE_X5Y31          FDRE                                         r  design_1_i/DMA24bUnit_mm2s_0/U0/grp_DMA24b_mm2s_fu_78/DMA24b_mm2s_fetch_U0/trunc_ln1_reg_492_reg[14]/C
  -------------------------------------------------------------------    -------------------
    SLICE_X5Y31          FDRE (Prop_fdre_C_Q)         0.141    -0.374 r  design_1_i/DMA24bUnit_mm2s_0/U0/grp_DMA24b_mm2s_fu_78/DMA24b_mm2s_fetch_U0/trunc_ln1_reg_492_reg[14]/Q
                         net (fo=2, routed)           0.099    -0.274    design_1_i/DMA24bUnit_mm2s_0/U0/gmem_m_axi_U/bus_read/rs_rreq/D[14]
    SLICE_X4Y31          LUT4 (Prop_lut4_I0_O)        0.045    -0.229 r  design_1_i/DMA24bUnit_mm2s_0/U0/gmem_m_axi_U/bus_read/rs_rreq/data_p1[14]_i_1/O
                         net (fo=1, routed)           0.000    -0.229    design_1_i/DMA24bUnit_mm2s_0/U0/gmem_m_axi_U/bus_read/rs_rreq/data_p1[14]_i_1_n_2
    SLICE_X4Y31          FDRE                                         r  design_1_i/DMA24bUnit_mm2s_0/U0/gmem_m_axi_U/bus_read/rs_rreq/data_p1_reg[14]/D
  -------------------------------------------------------------------    -------------------

                         (clock clk_out1_design_1_clk_pix_0 rise edge)
                                                      0.000     0.000 r  
    H16                                               0.000     0.000 r  sysclk (IN)
                         net (fo=0)                   0.000     0.000    design_1_i/clk_pix/inst/clk_in1
    H16                  IBUF (Prop_ibuf_I_O)         0.413     0.413 r  design_1_i/clk_pix/inst/clkin1_ibufg/O
                         net (fo=1, routed)           0.480     0.893    design_1_i/clk_pix/inst/clk_in1_design_1_clk_pix_0
    MMCME2_ADV_X0Y1      MMCME2_ADV (Prop_mmcme2_adv_CLKIN1_CLKOUT0)
                                                     -3.047    -2.154 r  design_1_i/clk_pix/inst/mmcm_adv_inst/CLKOUT0
                         net (fo=1, routed)           0.528    -1.626    design_1_i/clk_pix/inst/clk_out1_design_1_clk_pix_0
    BUFGCTRL_X0Y16       BUFG (Prop_bufg_I_O)         0.029    -1.597 r  design_1_i/clk_pix/inst/clkout1_buf/O
                         net (fo=8142, routed)        0.846    -0.751    design_1_i/DMA24bUnit_mm2s_0/U0/gmem_m_axi_U/bus_read/rs_rreq/ap_clk
    SLICE_X4Y31          FDRE                                         r  design_1_i/DMA24bUnit_mm2s_0/U0/gmem_m_axi_U/bus_read/rs_rreq/data_p1_reg[14]/C
                         clock pessimism              0.249    -0.502    
                         clock uncertainty            0.145    -0.357    
    SLICE_X4Y31          FDRE (Hold_fdre_C_D)         0.120    -0.237    design_1_i/DMA24bUnit_mm2s_0/U0/gmem_m_axi_U/bus_read/rs_rreq/data_p1_reg[14]
  -------------------------------------------------------------------
                         required time                          0.237    
                         arrival time                          -0.229    
  -------------------------------------------------------------------
                         slack                                  0.007    





---------------------------------------------------------------------------------------------------
Path Group:  **async_default**
From Clock:  clk_fpga_0
  To Clock:  clk_fpga_0

Setup :            0  Failing Endpoints,  Worst Slack       15.931ns,  Total Violation        0.000ns
Hold  :            0  Failing Endpoints,  Worst Slack        0.253ns,  Total Violation        0.000ns
---------------------------------------------------------------------------------------------------


Max Delay Paths
--------------------------------------------------------------------------------------
Slack (MET) :             15.931ns  (required time - arrival time)
  Source:                 design_1_i/ps7_0_axi_periph/m03_couplers/auto_ds/inst/gen_downsizer.gen_cascaded_downsizer.gen_axi3_conv.axi3_conv_inst/gen_axi4_axi3.axi3_conv_inst/USE_READ.USE_SPLIT_R.read_addr_inst/USE_R_CHANNEL.cmd_queue/inst/fifo_gen_inst/inst_fifo_gen/gconvfifo.rf/grf.rf/rstblk/ngwrdrst.grst.g7serrst.gnsckt_wrst.rst_wr_reg2_inst/arststages_ff_reg[1]/C
                            (rising edge-triggered cell FDPE clocked by clk_fpga_0  {rise@0.000ns fall@10.000ns period=20.000ns})
  Destination:            design_1_i/ps7_0_axi_periph/m03_couplers/auto_ds/inst/gen_downsizer.gen_cascaded_downsizer.gen_axi3_conv.axi3_conv_inst/gen_axi4_axi3.axi3_conv_inst/USE_READ.USE_SPLIT_R.read_addr_inst/USE_R_CHANNEL.cmd_queue/inst/fifo_gen_inst/inst_fifo_gen/gconvfifo.rf/grf.rf/gntv_or_sync_fifo.gl0.rd/gr1.gr1_int.rfwft/gpregsm1.curr_fwft_state_reg[0]/CLR
                            (recovery check against rising-edge clock clk_fpga_0  {rise@0.000ns fall@10.000ns period=20.000ns})
  Path Group:             **async_default**
  Path Type:              Recovery (Max at Slow Process Corner)
  Requirement:            20.000ns  (clk_fpga_0 rise@20.000ns - clk_fpga_0 rise@0.000ns)
  Data Path Delay:        3.334ns  (logic 0.773ns (23.187%)  route 2.561ns (76.813%))
  Logic Levels:           1  (LUT3=1)
  Clock Path Skew:        -0.028ns (DCD - SCD + CPR)
    Destination Clock Delay (DCD):    2.687ns = ( 22.688 - 20.000 ) 
    Source Clock Delay      (SCD):    2.980ns
    Clock Pessimism Removal (CPR):    0.265ns
  Clock Uncertainty:      0.302ns  ((TSJ^2 + TIJ^2)^1/2 + DJ) / 2 + PE
    Total System Jitter     (TSJ):    0.071ns
    Total Input Jitter      (TIJ):    0.600ns
    Discrete Jitter          (DJ):    0.000ns
    Phase Error              (PE):    0.000ns

    Location             Delay type                Incr(ns)  Path(ns)    Netlist Resource(s)
  -------------------------------------------------------------------    -------------------
                         (clock clk_fpga_0 rise edge)
                                                      0.000     0.000 r  
    PS7_X0Y0             PS7                          0.000     0.000 r  design_1_i/processing_system7_0/inst/PS7_i/FCLKCLK[0]
                         net (fo=1, routed)           1.207     1.207    design_1_i/processing_system7_0/inst/FCLK_CLK_unbuffered[0]
    BUFGCTRL_X0Y0        BUFG (Prop_bufg_I_O)         0.101     1.308 r  design_1_i/processing_system7_0/inst/buffer_fclk_clk_0.FCLK_CLK_0_BUFG/O
                         net (fo=8177, routed)        1.672     2.980    design_1_i/ps7_0_axi_periph/m03_couplers/auto_ds/inst/gen_downsizer.gen_cascaded_downsizer.gen_axi3_conv.axi3_conv_inst/gen_axi4_axi3.axi3_conv_inst/USE_READ.USE_SPLIT_R.read_addr_inst/USE_R_CHANNEL.cmd_queue/inst/fifo_gen_inst/inst_fifo_gen/gconvfifo.rf/grf.rf/rstblk/ngwrdrst.grst.g7serrst.gnsckt_wrst.rst_wr_reg2_inst/dest_clk
    SLICE_X16Y10         FDPE                                         r  design_1_i/ps7_0_axi_periph/m03_couplers/auto_ds/inst/gen_downsizer.gen_cascaded_downsizer.gen_axi3_conv.axi3_conv_inst/gen_axi4_axi3.axi3_conv_inst/USE_READ.USE_SPLIT_R.read_addr_inst/USE_R_CHANNEL.cmd_queue/inst/fifo_gen_inst/inst_fifo_gen/gconvfifo.rf/grf.rf/rstblk/ngwrdrst.grst.g7serrst.gnsckt_wrst.rst_wr_reg2_inst/arststages_ff_reg[1]/C
  -------------------------------------------------------------------    -------------------
    SLICE_X16Y10         FDPE (Prop_fdpe_C_Q)         0.478     3.458 f  design_1_i/ps7_0_axi_periph/m03_couplers/auto_ds/inst/gen_downsizer.gen_cascaded_downsizer.gen_axi3_conv.axi3_conv_inst/gen_axi4_axi3.axi3_conv_inst/USE_READ.USE_SPLIT_R.read_addr_inst/USE_R_CHANNEL.cmd_queue/inst/fifo_gen_inst/inst_fifo_gen/gconvfifo.rf/grf.rf/rstblk/ngwrdrst.grst.g7serrst.gnsckt_wrst.rst_wr_reg2_inst/arststages_ff_reg[1]/Q
                         net (fo=2, routed)           0.882     4.340    design_1_i/ps7_0_axi_periph/m03_couplers/auto_ds/inst/gen_downsizer.gen_cascaded_downsizer.gen_axi3_conv.axi3_conv_inst/gen_axi4_axi3.axi3_conv_inst/USE_READ.USE_SPLIT_R.read_addr_inst/USE_R_CHANNEL.cmd_queue/inst/fifo_gen_inst/inst_fifo_gen/gconvfifo.rf/grf.rf/rstblk/rst_wr_reg2
    SLICE_X13Y10         LUT3 (Prop_lut3_I2_O)        0.295     4.635 f  design_1_i/ps7_0_axi_periph/m03_couplers/auto_ds/inst/gen_downsizer.gen_cascaded_downsizer.gen_axi3_conv.axi3_conv_inst/gen_axi4_axi3.axi3_conv_inst/USE_READ.USE_SPLIT_R.read_addr_inst/USE_R_CHANNEL.cmd_queue/inst/fifo_gen_inst/inst_fifo_gen/gconvfifo.rf/grf.rf/rstblk/gpregsm1.curr_fwft_state[1]_i_2/O
                         net (fo=33, routed)          1.678     6.314    design_1_i/ps7_0_axi_periph/m03_couplers/auto_ds/inst/gen_downsizer.gen_cascaded_downsizer.gen_axi3_conv.axi3_conv_inst/gen_axi4_axi3.axi3_conv_inst/USE_READ.USE_SPLIT_R.read_addr_inst/USE_R_CHANNEL.cmd_queue/inst/fifo_gen_inst/inst_fifo_gen/gconvfifo.rf/grf.rf/gntv_or_sync_fifo.gl0.rd/gr1.gr1_int.rfwft/gpregsm1.user_valid_reg_0
    SLICE_X17Y13         FDCE                                         f  design_1_i/ps7_0_axi_periph/m03_couplers/auto_ds/inst/gen_downsizer.gen_cascaded_downsizer.gen_axi3_conv.axi3_conv_inst/gen_axi4_axi3.axi3_conv_inst/USE_READ.USE_SPLIT_R.read_addr_inst/USE_R_CHANNEL.cmd_queue/inst/fifo_gen_inst/inst_fifo_gen/gconvfifo.rf/grf.rf/gntv_or_sync_fifo.gl0.rd/gr1.gr1_int.rfwft/gpregsm1.curr_fwft_state_reg[0]/CLR
  -------------------------------------------------------------------    -------------------

                         (clock clk_fpga_0 rise edge)
                                                     20.000    20.000 r  
    PS7_X0Y0             PS7                          0.000    20.000 r  design_1_i/processing_system7_0/inst/PS7_i/FCLKCLK[0]
                         net (fo=1, routed)           1.101    21.101    design_1_i/processing_system7_0/inst/FCLK_CLK_unbuffered[0]
    BUFGCTRL_X0Y0        BUFG (Prop_bufg_I_O)         0.091    21.192 r  design_1_i/processing_system7_0/inst/buffer_fclk_clk_0.FCLK_CLK_0_BUFG/O
                         net (fo=8177, routed)        1.495    22.688    design_1_i/ps7_0_axi_periph/m03_couplers/auto_ds/inst/gen_downsizer.gen_cascaded_downsizer.gen_axi3_conv.axi3_conv_inst/gen_axi4_axi3.axi3_conv_inst/USE_READ.USE_SPLIT_R.read_addr_inst/USE_R_CHANNEL.cmd_queue/inst/fifo_gen_inst/inst_fifo_gen/gconvfifo.rf/grf.rf/gntv_or_sync_fifo.gl0.rd/gr1.gr1_int.rfwft/clk
    SLICE_X17Y13         FDCE                                         r  design_1_i/ps7_0_axi_periph/m03_couplers/auto_ds/inst/gen_downsizer.gen_cascaded_downsizer.gen_axi3_conv.axi3_conv_inst/gen_axi4_axi3.axi3_conv_inst/USE_READ.USE_SPLIT_R.read_addr_inst/USE_R_CHANNEL.cmd_queue/inst/fifo_gen_inst/inst_fifo_gen/gconvfifo.rf/grf.rf/gntv_or_sync_fifo.gl0.rd/gr1.gr1_int.rfwft/gpregsm1.curr_fwft_state_reg[0]/C
                         clock pessimism              0.265    22.952    
                         clock uncertainty           -0.302    22.650    
    SLICE_X17Y13         FDCE (Recov_fdce_C_CLR)     -0.405    22.245    design_1_i/ps7_0_axi_periph/m03_couplers/auto_ds/inst/gen_downsizer.gen_cascaded_downsizer.gen_axi3_conv.axi3_conv_inst/gen_axi4_axi3.axi3_conv_inst/USE_READ.USE_SPLIT_R.read_addr_inst/USE_R_CHANNEL.cmd_queue/inst/fifo_gen_inst/inst_fifo_gen/gconvfifo.rf/grf.rf/gntv_or_sync_fifo.gl0.rd/gr1.gr1_int.rfwft/gpregsm1.curr_fwft_state_reg[0]
  -------------------------------------------------------------------
                         required time                         22.245    
                         arrival time                          -6.314    
  -------------------------------------------------------------------
                         slack                                 15.931    





Min Delay Paths
--------------------------------------------------------------------------------------
Slack (MET) :             0.253ns  (arrival time - required time)
  Source:                 design_1_i/ps7_0_axi_periph/s01_couplers/auto_cc/inst/gen_clock_conv.gen_async_conv.asyncfifo_axi/inst_fifo_gen/gaxi_full_lite.gread_ch.grach2.axi_rach/grf.rf/rstblk/ngwrdrst.grst.g7serrst.gnsckt_wrst.gic_rst.sckt_rd_rst_ic_reg/C
                            (rising edge-triggered cell FDPE clocked by clk_fpga_0  {rise@0.000ns fall@10.000ns period=20.000ns})
  Destination:            design_1_i/ps7_0_axi_periph/s01_couplers/auto_cc/inst/gen_clock_conv.gen_async_conv.asyncfifo_axi/inst_fifo_gen/gaxi_full_lite.gread_ch.grach2.axi_rach/grf.rf/gntv_or_sync_fifo.gl0.rd/rpntr/gc0.count_d1_reg[3]/CLR
                            (removal check against rising-edge clock clk_fpga_0  {rise@0.000ns fall@10.000ns period=20.000ns})
  Path Group:             **async_default**
  Path Type:              Removal (Min at Fast Process Corner)
  Requirement:            0.000ns  (clk_fpga_0 rise@0.000ns - clk_fpga_0 rise@0.000ns)
  Data Path Delay:        0.454ns  (logic 0.164ns (36.091%)  route 0.290ns (63.909%))
  Logic Levels:           0  
  Clock Path Skew:        0.268ns (DCD - SCD - CPR)
    Destination Clock Delay (DCD):    1.201ns
    Source Clock Delay      (SCD):    0.899ns
    Clock Pessimism Removal (CPR):    0.034ns

    Location             Delay type                Incr(ns)  Path(ns)    Netlist Resource(s)
  -------------------------------------------------------------------    -------------------
                         (clock clk_fpga_0 rise edge)
                                                      0.000     0.000 r  
    PS7_X0Y0             PS7                          0.000     0.000 r  design_1_i/processing_system7_0/inst/PS7_i/FCLKCLK[0]
                         net (fo=1, routed)           0.315     0.315    design_1_i/processing_system7_0/inst/FCLK_CLK_unbuffered[0]
    BUFGCTRL_X0Y0        BUFG (Prop_bufg_I_O)         0.026     0.341 r  design_1_i/processing_system7_0/inst/buffer_fclk_clk_0.FCLK_CLK_0_BUFG/O
                         net (fo=8177, routed)        0.558     0.899    design_1_i/ps7_0_axi_periph/s01_couplers/auto_cc/inst/gen_clock_conv.gen_async_conv.asyncfifo_axi/inst_fifo_gen/gaxi_full_lite.gread_ch.grach2.axi_rach/grf.rf/rstblk/m_aclk
    SLICE_X24Y55         FDPE                                         r  design_1_i/ps7_0_axi_periph/s01_couplers/auto_cc/inst/gen_clock_conv.gen_async_conv.asyncfifo_axi/inst_fifo_gen/gaxi_full_lite.gread_ch.grach2.axi_rach/grf.rf/rstblk/ngwrdrst.grst.g7serrst.gnsckt_wrst.gic_rst.sckt_rd_rst_ic_reg/C
  -------------------------------------------------------------------    -------------------
    SLICE_X24Y55         FDPE (Prop_fdpe_C_Q)         0.164     1.063 f  design_1_i/ps7_0_axi_periph/s01_couplers/auto_cc/inst/gen_clock_conv.gen_async_conv.asyncfifo_axi/inst_fifo_gen/gaxi_full_lite.gread_ch.grach2.axi_rach/grf.rf/rstblk/ngwrdrst.grst.g7serrst.gnsckt_wrst.gic_rst.sckt_rd_rst_ic_reg/Q
                         net (fo=21, routed)          0.290     1.353    design_1_i/ps7_0_axi_periph/s01_couplers/auto_cc/inst/gen_clock_conv.gen_async_conv.asyncfifo_axi/inst_fifo_gen/gaxi_full_lite.gread_ch.grach2.axi_rach/grf.rf/gntv_or_sync_fifo.gl0.rd/rpntr/gc0.count_d1_reg[0]_0
    SLICE_X16Y51         FDCE                                         f  design_1_i/ps7_0_axi_periph/s01_couplers/auto_cc/inst/gen_clock_conv.gen_async_conv.asyncfifo_axi/inst_fifo_gen/gaxi_full_lite.gread_ch.grach2.axi_rach/grf.rf/gntv_or_sync_fifo.gl0.rd/rpntr/gc0.count_d1_reg[3]/CLR
  -------------------------------------------------------------------    -------------------

                         (clock clk_fpga_0 rise edge)
                                                      0.000     0.000 r  
    PS7_X0Y0             PS7                          0.000     0.000 r  design_1_i/processing_system7_0/inst/PS7_i/FCLKCLK[0]
                         net (fo=1, routed)           0.341     0.341    design_1_i/processing_system7_0/inst/FCLK_CLK_unbuffered[0]
    BUFGCTRL_X0Y0        BUFG (Prop_bufg_I_O)         0.029     0.370 r  design_1_i/processing_system7_0/inst/buffer_fclk_clk_0.FCLK_CLK_0_BUFG/O
                         net (fo=8177, routed)        0.831     1.201    design_1_i/ps7_0_axi_periph/s01_couplers/auto_cc/inst/gen_clock_conv.gen_async_conv.asyncfifo_axi/inst_fifo_gen/gaxi_full_lite.gread_ch.grach2.axi_rach/grf.rf/gntv_or_sync_fifo.gl0.rd/rpntr/m_aclk
    SLICE_X16Y51         FDCE                                         r  design_1_i/ps7_0_axi_periph/s01_couplers/auto_cc/inst/gen_clock_conv.gen_async_conv.asyncfifo_axi/inst_fifo_gen/gaxi_full_lite.gread_ch.grach2.axi_rach/grf.rf/gntv_or_sync_fifo.gl0.rd/rpntr/gc0.count_d1_reg[3]/C
                         clock pessimism             -0.034     1.167    
    SLICE_X16Y51         FDCE (Remov_fdce_C_CLR)     -0.067     1.100    design_1_i/ps7_0_axi_periph/s01_couplers/auto_cc/inst/gen_clock_conv.gen_async_conv.asyncfifo_axi/inst_fifo_gen/gaxi_full_lite.gread_ch.grach2.axi_rach/grf.rf/gntv_or_sync_fifo.gl0.rd/rpntr/gc0.count_d1_reg[3]
  -------------------------------------------------------------------
                         required time                         -1.100    
                         arrival time                           1.353    
  -------------------------------------------------------------------
                         slack                                  0.253    





---------------------------------------------------------------------------------------------------
Path Group:  **async_default**
From Clock:  clk_out1_design_1_clk_pix_0
  To Clock:  clk_out1_design_1_clk_pix_0

Setup :            0  Failing Endpoints,  Worst Slack       25.249ns,  Total Violation        0.000ns
Hold  :            0  Failing Endpoints,  Worst Slack        0.222ns,  Total Violation        0.000ns
---------------------------------------------------------------------------------------------------


Max Delay Paths
--------------------------------------------------------------------------------------
Slack (MET) :             25.249ns  (required time - arrival time)
  Source:                 design_1_i/rst_pix/U0/ACTIVE_LOW_PR_OUT_DFF[0].FDRE_PER_N/C
                            (rising edge-triggered cell FDRE clocked by clk_out1_design_1_clk_pix_0  {rise@0.000ns fall@19.862ns period=39.724ns})
  Destination:            design_1_i/video/U0/u_tpg/x_reg[1]/CLR
                            (recovery check against rising-edge clock clk_out1_design_1_clk_pix_0  {rise@0.000ns fall@19.862ns period=39.724ns})
  Path Group:             **async_default**
  Path Type:              Recovery (Max at Slow Process Corner)
  Requirement:            39.724ns  (clk_out1_design_1_clk_pix_0 rise@39.724ns - clk_out1_design_1_clk_pix_0 rise@0.000ns)
  Data Path Delay:        13.837ns  (logic 0.642ns (4.640%)  route 13.195ns (95.360%))
  Logic Levels:           1  (LUT1=1)
  Clock Path Skew:        -0.088ns (DCD - SCD + CPR)
    Destination Clock Delay (DCD):    -1.298ns = ( 38.426 - 39.724 ) 
    Source Clock Delay      (SCD):    -0.737ns
    Clock Pessimism Removal (CPR):    0.473ns
  Clock Uncertainty:      0.145ns  ((TSJ^2 + DJ^2)^1/2) / 2 + PE
    Total System Jitter     (TSJ):    0.071ns
    Discrete Jitter          (DJ):    0.281ns
    Phase Error              (PE):    0.000ns

    Location             Delay type                Incr(ns)  Path(ns)    Netlist Resource(s)
  -------------------------------------------------------------------    -------------------
                         (clock clk_out1_design_1_clk_pix_0 rise edge)
                                                      0.000     0.000 r  
    H16                                               0.000     0.000 r  sysclk (IN)
                         net (fo=0)                   0.000     0.000    design_1_i/clk_pix/inst/clk_in1
    H16                  IBUF (Prop_ibuf_I_O)         1.457     1.457 r  design_1_i/clk_pix/inst/clkin1_ibufg/O
                         net (fo=1, routed)           1.285     2.742    design_1_i/clk_pix/inst/clk_in1_design_1_clk_pix_0
    MMCME2_ADV_X0Y1      MMCME2_ADV (Prop_mmcme2_adv_CLKIN1_CLKOUT0)
                                                     -6.996    -4.254 r  design_1_i/clk_pix/inst/mmcm_adv_inst/CLKOUT0
                         net (fo=1, routed)           1.760    -2.494    design_1_i/clk_pix/inst/clk_out1_design_1_clk_pix_0
    BUFGCTRL_X0Y16       BUFG (Prop_bufg_I_O)         0.101    -2.393 r  design_1_i/clk_pix/inst/clkout1_buf/O
                         net (fo=8142, routed)        1.656    -0.737    design_1_i/rst_pix/U0/slowest_sync_clk
    SLICE_X34Y87         FDRE                                         r  design_1_i/rst_pix/U0/ACTIVE_LOW_PR_OUT_DFF[0].FDRE_PER_N/C
  -------------------------------------------------------------------    -------------------
    SLICE_X34Y87         FDRE (Prop_fdre_C_Q)         0.518    -0.219 r  design_1_i/rst_pix/U0/ACTIVE_LOW_PR_OUT_DFF[0].FDRE_PER_N/Q
                         net (fo=47, routed)          0.898     0.679    design_1_i/video/U0/u_chain/u_gauss/u_conv/u_win/resetn
    SLICE_X31Y85         LUT1 (Prop_lut1_I0_O)        0.124     0.803 f  design_1_i/video/U0/u_chain/u_gauss/u_conv/u_win/s0_start_r_i_2/O
                         net (fo=1781, routed)       12.297    13.100    design_1_i/video/U0/u_tpg/y_reg[0]_0
    SLICE_X41Y19         FDCE                                         f  design_1_i/video/U0/u_tpg/x_reg[1]/CLR
  -------------------------------------------------------------------    -------------------

                         (clock clk_out1_design_1_clk_pix_0 rise edge)
                                                     39.724    39.724 r  
    H16                                               0.000    39.724 r  sysclk (IN)
                         net (fo=0)                   0.000    39.724    design_1_i/clk_pix/inst/clk_in1
    H16                  IBUF (Prop_ibuf_I_O)         1.387    41.110 r  design_1_i/clk_pix/inst/clkin1_ibufg/O
                         net (fo=1, routed)           1.162    42.272    design_1_i/clk_pix/inst/clk_in1_design_1_clk_pix_0
    MMCME2_ADV_X0Y1      MMCME2_ADV (Prop_mmcme2_adv_CLKIN1_CLKOUT0)
                                                     -7.105    35.168 r  design_1_i/clk_pix/inst/mmcm_adv_inst/CLKOUT0
                         net (fo=1, routed)           1.599    36.767    design_1_i/clk_pix/inst/clk_out1_design_1_clk_pix_0
    BUFGCTRL_X0Y16       BUFG (Prop_bufg_I_O)         0.091    36.858 r  design_1_i/clk_pix/inst/clkout1_buf/O
                         net (fo=8142, routed)        1.568    38.426    design_1_i/video/U0/u_tpg/clk
    SLICE_X41Y19         FDCE                                         r  design_1_i/video/U0/u_tpg/x_reg[1]/C
                         clock pessimism              0.473    38.899    
                         clock uncertainty           -0.145    38.754    
    SLICE_X41Y19         FDCE (Recov_fdce_C_CLR)     -0.405    38.349    design_1_i/video/U0/u_tpg/x_reg[1]
  -------------------------------------------------------------------
                         required time                         38.349    
                         arrival time                         -13.100    
  -------------------------------------------------------------------
                         slack                                 25.249    





Min Delay Paths
--------------------------------------------------------------------------------------
Slack (MET) :             0.222ns  (arrival time - required time)
  Source:                 design_1_i/ps7_0_axi_periph/s01_couplers/auto_cc/inst/gen_clock_conv.gen_async_conv.asyncfifo_axi/inst_fifo_gen/gaxi_full_lite.gread_ch.grach2.axi_rach/grf.rf/rstblk/grstd1.grst_full.grst_f.rst_d2_reg/C
                            (rising edge-triggered cell FDPE clocked by clk_out1_design_1_clk_pix_0  {rise@0.000ns fall@19.862ns period=39.724ns})
  Destination:            design_1_i/ps7_0_axi_periph/s01_couplers/auto_cc/inst/gen_clock_conv.gen_async_conv.asyncfifo_axi/inst_fifo_gen/gaxi_full_lite.gread_ch.grach2.axi_rach/grf.rf/gntv_or_sync_fifo.gl0.wr/gwas.wsts/ram_full_fb_i_reg/PRE
                            (removal check against rising-edge clock clk_out1_design_1_clk_pix_0  {rise@0.000ns fall@19.862ns period=39.724ns})
  Path Group:             **async_default**
  Path Type:              Removal (Min at Fast Process Corner)
  Requirement:            0.000ns  (clk_out1_design_1_clk_pix_0 rise@0.000ns - clk_out1_design_1_clk_pix_0 rise@0.000ns)
  Data Path Delay:        0.365ns  (logic 0.148ns (40.571%)  route 0.217ns (59.429%))
  Logic Levels:           0  
  Clock Path Skew:        0.266ns (DCD - SCD - CPR)
    Destination Clock Delay (DCD):    -0.770ns
    Source Clock Delay      (SCD):    -0.539ns
    Clock Pessimism Removal (CPR):    -0.498ns

    Location             Delay type                Incr(ns)  Path(ns)    Netlist Resource(s)
  -------------------------------------------------------------------    -------------------
                         (clock clk_out1_design_1_clk_pix_0 rise edge)
                                                      0.000     0.000 r  
    H16                                               0.000     0.000 r  sysclk (IN)
                         net (fo=0)                   0.000     0.000    design_1_i/clk_pix/inst/clk_in1
    H16                  IBUF (Prop_ibuf_I_O)         0.225     0.225 r  design_1_i/clk_pix/inst/clkin1_ibufg/O
                         net (fo=1, routed)           0.440     0.665    design_1_i/clk_pix/inst/clk_in1_design_1_clk_pix_0
    MMCME2_ADV_X0Y1      MMCME2_ADV (Prop_mmcme2_adv_CLKIN1_CLKOUT0)
                                                     -2.268    -1.602 r  design_1_i/clk_pix/inst/mmcm_adv_inst/CLKOUT0
                         net (fo=1, routed)           0.482    -1.120    design_1_i/clk_pix/inst/clk_out1_design_1_clk_pix_0
    BUFGCTRL_X0Y16       BUFG (Prop_bufg_I_O)         0.026    -1.094 r  design_1_i/clk_pix/inst/clkout1_buf/O
                         net (fo=8142, routed)        0.556    -0.539    design_1_i/ps7_0_axi_periph/s01_couplers/auto_cc/inst/gen_clock_conv.gen_async_conv.asyncfifo_axi/inst_fifo_gen/gaxi_full_lite.gread_ch.grach2.axi_rach/grf.rf/rstblk/s_aclk
    SLICE_X24Y54         FDPE                                         r  design_1_i/ps7_0_axi_periph/s01_couplers/auto_cc/inst/gen_clock_conv.gen_async_conv.asyncfifo_axi/inst_fifo_gen/gaxi_full_lite.gread_ch.grach2.axi_rach/grf.rf/rstblk/grstd1.grst_full.grst_f.rst_d2_reg/C
  -------------------------------------------------------------------    -------------------
    SLICE_X24Y54         FDPE (Prop_fdpe_C_Q)         0.148    -0.391 f  design_1_i/ps7_0_axi_periph/s01_couplers/auto_cc/inst/gen_clock_conv.gen_async_conv.asyncfifo_axi/inst_fifo_gen/gaxi_full_lite.gread_ch.grach2.axi_rach/grf.rf/rstblk/grstd1.grst_full.grst_f.rst_d2_reg/Q
                         net (fo=3, routed)           0.217    -0.174    design_1_i/ps7_0_axi_periph/s01_couplers/auto_cc/inst/gen_clock_conv.gen_async_conv.asyncfifo_axi/inst_fifo_gen/gaxi_full_lite.gread_ch.grach2.axi_rach/grf.rf/gntv_or_sync_fifo.gl0.wr/gwas.wsts/out
    SLICE_X20Y54         FDPE                                         f  design_1_i/ps7_0_axi_periph/s01_couplers/auto_cc/inst/gen_clock_conv.gen_async_conv.asyncfifo_axi/inst_fifo_gen/gaxi_full_lite.gread_ch.grach2.axi_rach/grf.rf/gntv_or_sync_fifo.gl0.wr/gwas.wsts/ram_full_fb_i_reg/PRE
  -------------------------------------------------------------------    -------------------

                         (clock clk_out1_design_1_clk_pix_0 rise edge)
                                                      0.000     0.000 r  
    H16                                               0.000     0.000 r  sysclk (IN)
                         net (fo=0)                   0.000     0.000    design_1_i/clk_pix/inst/clk_in1
    H16                  IBUF (Prop_ibuf_I_O)         0.413     0.413 r  design_1_i/clk_pix/inst/clkin1_ibufg/O
                         net (fo=1, routed)           0.480     0.893    design_1_i/clk_pix/inst/clk_in1_design_1_clk_pix_0
    MMCME2_ADV_X0Y1      MMCME2_ADV (Prop_mmcme2_adv_CLKIN1_CLKOUT0)
                                                     -3.047    -2.154 r  design_1_i/clk_pix/inst/mmcm_adv_inst/CLKOUT0
                         net (fo=1, routed)           0.528    -1.626    design_1_i/clk_pix/inst/clk_out1_design_1_clk_pix_0
    BUFGCTRL_X0Y16       BUFG (Prop_bufg_I_O)         0.029    -1.597 r  design_1_i/clk_pix/inst/clkout1_buf/O
                         net (fo=8142, routed)        0.827    -0.770    design_1_i/ps7_0_axi_periph/s01_couplers/auto_cc/inst/gen_clock_conv.gen_async_conv.asyncfifo_axi/inst_fifo_gen/gaxi_full_lite.gread_ch.grach2.axi_rach/grf.rf/gntv_or_sync_fifo.gl0.wr/gwas.wsts/s_aclk
    SLICE_X20Y54         FDPE                                         r  design_1_i/ps7_0_axi_periph/s01_couplers/auto_cc/inst/gen_clock_conv.gen_async_conv.asyncfifo_axi/inst_fifo_gen/gaxi_full_lite.gread_ch.grach2.axi_rach/grf.rf/gntv_or_sync_fifo.gl0.wr/gwas.wsts/ram_full_fb_i_reg/C
                         clock pessimism              0.498    -0.272    
    SLICE_X20Y54         FDPE (Remov_fdpe_C_PRE)     -0.124    -0.396    design_1_i/ps7_0_axi_periph/s01_couplers/auto_cc/inst/gen_clock_conv.gen_async_conv.asyncfifo_axi/inst_fifo_gen/gaxi_full_lite.gread_ch.grach2.axi_rach/grf.rf/gntv_or_sync_fifo.gl0.wr/gwas.wsts/ram_full_fb_i_reg
  -------------------------------------------------------------------
                         required time                          0.396    
                         arrival time                          -0.174    
  -------------------------------------------------------------------
                         slack                                  0.222    





---------------------------------------------------------------------------------------------------
Path Group:  **async_default**
From Clock:  clk_out1_design_1_clk_pix_0_1
  To Clock:  clk_out1_design_1_clk_pix_0

Setup :            0  Failing Endpoints,  Worst Slack       25.249ns,  Total Violation        0.000ns
Hold  :            0  Failing Endpoints,  Worst Slack        0.077ns,  Total Violation        0.000ns
---------------------------------------------------------------------------------------------------


Max Delay Paths
--------------------------------------------------------------------------------------
Slack (MET) :             25.249ns  (required time - arrival time)
  Source:                 design_1_i/rst_pix/U0/ACTIVE_LOW_PR_OUT_DFF[0].FDRE_PER_N/C
                            (rising edge-triggered cell FDRE clocked by clk_out1_design_1_clk_pix_0_1  {rise@0.000ns fall@19.862ns period=39.724ns})
  Destination:            design_1_i/video/U0/u_tpg/x_reg[1]/CLR
                            (recovery check against rising-edge clock clk_out1_design_1_clk_pix_0  {rise@0.000ns fall@19.862ns period=39.724ns})
  Path Group:             **async_default**
  Path Type:              Recovery (Max at Slow Process Corner)
  Requirement:            39.724ns  (clk_out1_design_1_clk_pix_0 rise@39.724ns - clk_out1_design_1_clk_pix_0_1 rise@0.000ns)
  Data Path Delay:        13.837ns  (logic 0.642ns (4.640%)  route 13.195ns (95.360%))
  Logic Levels:           1  (LUT1=1)
  Clock Path Skew:        -0.088ns (DCD - SCD + CPR)
    Destination Clock Delay (DCD):    -1.298ns = ( 38.426 - 39.724 ) 
    Source Clock Delay      (SCD):    -0.737ns
    Clock Pessimism Removal (CPR):    0.473ns
  Clock Uncertainty:      0.145ns  ((TSJ^2 + DJ^2)^1/2) / 2 + PE
    Total System Jitter     (TSJ):    0.071ns
    Discrete Jitter          (DJ):    0.281ns
    Phase Error              (PE):    0.000ns
  Clock Domain Crossing:  Inter clock paths are considered valid unless explicitly excluded by timing constraints such as set_clock_groups or set_false_path.

    Location             Delay type                Incr(ns)  Path(ns)    Netlist Resource(s)
  -------------------------------------------------------------------    -------------------
                         (clock clk_out1_design_1_clk_pix_0_1 rise edge)
                                                      0.000     0.000 r  
    H16                                               0.000     0.000 r  sysclk (IN)
                         net (fo=0)                   0.000     0.000    design_1_i/clk_pix/inst/clk_in1
    H16                  IBUF (Prop_ibuf_I_O)         1.457     1.457 r  design_1_i/clk_pix/inst/clkin1_ibufg/O
                         net (fo=1, routed)           1.285     2.742    design_1_i/clk_pix/inst/clk_in1_design_1_clk_pix_0
    MMCME2_ADV_X0Y1      MMCME2_ADV (Prop_mmcme2_adv_CLKIN1_CLKOUT0)
                                                     -6.996    -4.254 r  design_1_i/clk_pix/inst/mmcm_adv_inst/CLKOUT0
                         net (fo=1, routed)           1.760    -2.494    design_1_i/clk_pix/inst/clk_out1_design_1_clk_pix_0
    BUFGCTRL_X0Y16       BUFG (Prop_bufg_I_O)         0.101    -2.393 r  design_1_i/clk_pix/inst/clkout1_buf/O
                         net (fo=8142, routed)        1.656    -0.737    design_1_i/rst_pix/U0/slowest_sync_clk
    SLICE_X34Y87         FDRE                                         r  design_1_i/rst_pix/U0/ACTIVE_LOW_PR_OUT_DFF[0].FDRE_PER_N/C
  -------------------------------------------------------------------    -------------------
    SLICE_X34Y87         FDRE (Prop_fdre_C_Q)         0.518    -0.219 r  design_1_i/rst_pix/U0/ACTIVE_LOW_PR_OUT_DFF[0].FDRE_PER_N/Q
                         net (fo=47, routed)          0.898     0.679    design_1_i/video/U0/u_chain/u_gauss/u_conv/u_win/resetn
    SLICE_X31Y85         LUT1 (Prop_lut1_I0_O)        0.124     0.803 f  design_1_i/video/U0/u_chain/u_gauss/u_conv/u_win/s0_start_r_i_2/O
                         net (fo=1781, routed)       12.297    13.100    design_1_i/video/U0/u_tpg/y_reg[0]_0
    SLICE_X41Y19         FDCE                                         f  design_1_i/video/U0/u_tpg/x_reg[1]/CLR
  -------------------------------------------------------------------    -------------------

                         (clock clk_out1_design_1_clk_pix_0 rise edge)
                                                     39.724    39.724 r  
    H16                                               0.000    39.724 r  sysclk (IN)
                         net (fo=0)                   0.000    39.724    design_1_i/clk_pix/inst/clk_in1
    H16                  IBUF (Prop_ibuf_I_O)         1.387    41.110 r  design_1_i/clk_pix/inst/clkin1_ibufg/O
                         net (fo=1, routed)           1.162    42.272    design_1_i/clk_pix/inst/clk_in1_design_1_clk_pix_0
    MMCME2_ADV_X0Y1      MMCME2_ADV (Prop_mmcme2_adv_CLKIN1_CLKOUT0)
                                                     -7.105    35.168 r  design_1_i/clk_pix/inst/mmcm_adv_inst/CLKOUT0
                         net (fo=1, routed)           1.599    36.767    design_1_i/clk_pix/inst/clk_out1_design_1_clk_pix_0
    BUFGCTRL_X0Y16       BUFG (Prop_bufg_I_O)         0.091    36.858 r  design_1_i/clk_pix/inst/clkout1_buf/O
                         net (fo=8142, routed)        1.568    38.426    design_1_i/video/U0/u_tpg/clk
    SLICE_X41Y19         FDCE                                         r  design_1_i/video/U0/u_tpg/x_reg[1]/C
                         clock pessimism              0.473    38.899    
                         clock uncertainty           -0.145    38.754    
    SLICE_X41Y19         FDCE (Recov_fdce_C_CLR)     -0.405    38.349    design_1_i/video/U0/u_tpg/x_reg[1]
  -------------------------------------------------------------------
                         required time                         38.349    
                         arrival time                         -13.100    
  -------------------------------------------------------------------
                         slack                                 25.249    





Min Delay Paths
--------------------------------------------------------------------------------------
Slack (MET) :             0.077ns  (arrival time - required time)
  Source:                 design_1_i/ps7_0_axi_periph/s01_couplers/auto_cc/inst/gen_clock_conv.gen_async_conv.asyncfifo_axi/inst_fifo_gen/gaxi_full_lite.gread_ch.grach2.axi_rach/grf.rf/rstblk/grstd1.grst_full.grst_f.rst_d2_reg/C
                            (rising edge-triggered cell FDPE clocked by clk_out1_design_1_clk_pix_0_1  {rise@0.000ns fall@19.862ns period=39.724ns})
  Destination:            design_1_i/ps7_0_axi_periph/s01_couplers/auto_cc/inst/gen_clock_conv.gen_async_conv.asyncfifo_axi/inst_fifo_gen/gaxi_full_lite.gread_ch.grach2.axi_rach/grf.rf/gntv_or_sync_fifo.gl0.wr/gwas.wsts/ram_full_fb_i_reg/PRE
                            (removal check against rising-edge clock clk_out1_design_1_clk_pix_0  {rise@0.000ns fall@19.862ns period=39.724ns})
  Path Group:             **async_default**
  Path Type:              Removal (Min at Fast Process Corner)
  Requirement:            0.000ns  (clk_out1_design_1_clk_pix_0 rise@0.000ns - clk_out1_design_1_clk_pix_0_1 rise@0.000ns)
  Data Path Delay:        0.365ns  (logic 0.148ns (40.571%)  route 0.217ns (59.429%))
  Logic Levels:           0  
  Clock Path Skew:        0.266ns (DCD - SCD - CPR)
    Destination Clock Delay (DCD):    -0.770ns
    Source Clock Delay      (SCD):    -0.539ns
    Clock Pessimism Removal (CPR):    -0.498ns
  Clock Uncertainty:      0.145ns  ((TSJ^2 + DJ^2)^1/2) / 2 + PE
    Total System Jitter     (TSJ):    0.071ns
    Discrete Jitter          (DJ):    0.281ns
    Phase Error              (PE):    0.000ns
  Clock Domain Crossing:  Inter clock paths are considered valid unless explicitly excluded by timing constraints such as set_clock_groups or set_false_path.

    Location             Delay type                Incr(ns)  Path(ns)    Netlist Resource(s)
  -------------------------------------------------------------------    -------------------
                         (clock clk_out1_design_1_clk_pix_0_1 rise edge)
                                                      0.000     0.000 r  
    H16                                               0.000     0.000 r  sysclk (IN)
                         net (fo=0)                   0.000     0.000    design_1_i/clk_pix/inst/clk_in1
    H16                  IBUF (Prop_ibuf_I_O)         0.225     0.225 r  design_1_i/clk_pix/inst/clkin1_ibufg/O
                         net (fo=1, routed)           0.440     0.665    design_1_i/clk_pix/inst/clk_in1_design_1_clk_pix_0
    MMCME2_ADV_X0Y1      MMCME2_ADV (Prop_mmcme2_adv_CLKIN1_CLKOUT0)
                                                     -2.268    -1.602 r  design_1_i/clk_pix/inst/mmcm_adv_inst/CLKOUT0
                         net (fo=1, routed)           0.482    -1.120    design_1_i/clk_pix/inst/clk_out1_design_1_clk_pix_0
    BUFGCTRL_X0Y16       BUFG (Prop_bufg_I_O)         0.026    -1.094 r  design_1_i/clk_pix/inst/clkout1_buf/O
                         net (fo=8142, routed)        0.556    -0.539    design_1_i/ps7_0_axi_periph/s01_couplers/auto_cc/inst/gen_clock_conv.gen_async_conv.asyncfifo_axi/inst_fifo_gen/gaxi_full_lite.gread_ch.grach2.axi_rach/grf.rf/rstblk/s_aclk
    SLICE_X24Y54         FDPE                                         r  design_1_i/ps7_0_axi_periph/s01_couplers/auto_cc/inst/gen_clock_conv.gen_async_conv.asyncfifo_axi/inst_fifo_gen/gaxi_full_lite.gread_ch.grach2.axi_rach/grf.rf/rstblk/grstd1.grst_full.grst_f.rst_d2_reg/C
  -------------------------------------------------------------------    -------------------
    SLICE_X24Y54         FDPE (Prop_fdpe_C_Q)         0.148    -0.391 f  design_1_i/ps7_0_axi_periph/s01_couplers/auto_cc/inst/gen_clock_conv.gen_async_conv.asyncfifo_axi/inst_fifo_gen/gaxi_full_lite.gread_ch.grach2.axi_rach/grf.rf/rstblk/grstd1.grst_full.grst_f.rst_d2_reg/Q
                         net (fo=3, routed)           0.217    -0.174    design_1_i/ps7_0_axi_periph/s01_couplers/auto_cc/inst/gen_clock_conv.gen_async_conv.asyncfifo_axi/inst_fifo_gen/gaxi_full_lite.gread_ch.grach2.axi_rach/grf.rf/gntv_or_sync_fifo.gl0.wr/gwas.wsts/out
    SLICE_X20Y54         FDPE                                         f  design_1_i/ps7_0_axi_periph/s01_couplers/auto_cc/inst/gen_clock_conv.gen_async_conv.asyncfifo_axi/inst_fifo_gen/gaxi_full_lite.gread_ch.grach2.axi_rach/grf.rf/gntv_or_sync_fifo.gl0.wr/gwas.wsts/ram_full_fb_i_reg/PRE
  -------------------------------------------------------------------    -------------------

                         (clock clk_out1_design_1_clk_pix_0 rise edge)
                                                      0.000     0.000 r  
    H16                                               0.000     0.000 r  sysclk (IN)
                         net (fo=0)                   0.000     0.000    design_1_i/clk_pix/inst/clk_in1
    H16                  IBUF (Prop_ibuf_I_O)         0.413     0.413 r  design_1_i/clk_pix/inst/clkin1_ibufg/O
                         net (fo=1, routed)           0.480     0.893    design_1_i/clk_pix/inst/clk_in1_design_1_clk_pix_0
    MMCME2_ADV_X0Y1      MMCME2_ADV (Prop_mmcme2_adv_CLKIN1_CLKOUT0)
                                                     -3.047    -2.154 r  design_1_i/clk_pix/inst/mmcm_adv_inst/CLKOUT0
                         net (fo=1, routed)           0.528    -1.626    design_1_i/clk_pix/inst/clk_out1_design_1_clk_pix_0
    BUFGCTRL_X0Y16       BUFG (Prop_bufg_I_O)         0.029    -1.597 r  design_1_i/clk_pix/inst/clkout1_buf/O
                         net (fo=8142, routed)        0.827    -0.770    design_1_i/ps7_0_axi_periph/s01_couplers/auto_cc/inst/gen_clock_conv.gen_async_conv.asyncfifo_axi/inst_fifo_gen/gaxi_full_lite.gread_ch.grach2.axi_rach/grf.rf/gntv_or_sync_fifo.gl0.wr/gwas.wsts/s_aclk
    SLICE_X20Y54         FDPE                                         r  design_1_i/ps7_0_axi_periph/s01_couplers/auto_cc/inst/gen_clock_conv.gen_async_conv.asyncfifo_axi/inst_fifo_gen/gaxi_full_lite.gread_ch.grach2.axi_rach/grf.rf/gntv_or_sync_fifo.gl0.wr/gwas.wsts/ram_full_fb_i_reg/C
                         clock pessimism              0.498    -0.272    
                         clock uncertainty            0.145    -0.127    
    SLICE_X20Y54         FDPE (Remov_fdpe_C_PRE)     -0.124    -0.251    design_1_i/ps7_0_axi_periph/s01_couplers/auto_cc/inst/gen_clock_conv.gen_async_conv.asyncfifo_axi/inst_fifo_gen/gaxi_full_lite.gread_ch.grach2.axi_rach/grf.rf/gntv_or_sync_fifo.gl0.wr/gwas.wsts/ram_full_fb_i_reg
  -------------------------------------------------------------------
                         required time                          0.251    
                         arrival time                          -0.174    
  -------------------------------------------------------------------
                         slack                                  0.077    





---------------------------------------------------------------------------------------------------
Path Group:  **async_default**
From Clock:  clk_out1_design_1_clk_pix_0
  To Clock:  clk_out1_design_1_clk_pix_0_1

Setup :            0  Failing Endpoints,  Worst Slack       25.249ns,  Total Violation        0.000ns
Hold  :            0  Failing Endpoints,  Worst Slack        0.077ns,  Total Violation        0.000ns
---------------------------------------------------------------------------------------------------


Max Delay Paths
--------------------------------------------------------------------------------------
Slack (MET) :             25.249ns  (required time - arrival time)
  Source:                 design_1_i/rst_pix/U0/ACTIVE_LOW_PR_OUT_DFF[0].FDRE_PER_N/C
                            (rising edge-triggered cell FDRE clocked by clk_out1_design_1_clk_pix_0  {rise@0.000ns fall@19.862ns period=39.724ns})
  Destination:            design_1_i/video/U0/u_tpg/x_reg[1]/CLR
                            (recovery check against rising-edge clock clk_out1_design_1_clk_pix_0_1  {rise@0.000ns fall@19.862ns period=39.724ns})
  Path Group:             **async_default**
  Path Type:              Recovery (Max at Slow Process Corner)
  Requirement:            39.724ns  (clk_out1_design_1_clk_pix_0_1 rise@39.724ns - clk_out1_design_1_clk_pix_0 rise@0.000ns)
  Data Path Delay:        13.837ns  (logic 0.642ns (4.640%)  route 13.195ns (95.360%))
  Logic Levels:           1  (LUT1=1)
  Clock Path Skew:        -0.088ns (DCD - SCD + CPR)
    Destination Clock Delay (DCD):    -1.298ns = ( 38.426 - 39.724 ) 
    Source Clock Delay      (SCD):    -0.737ns
    Clock Pessimism Removal (CPR):    0.473ns
  Clock Uncertainty:      0.145ns  ((TSJ^2 + DJ^2)^1/2) / 2 + PE
    Total System Jitter     (TSJ):    0.071ns
    Discrete Jitter          (DJ):    0.281ns
    Phase Error              (PE):    0.000ns
  Clock Domain Crossing:  Inter clock paths are considered valid unless explicitly excluded by timing constraints such as set_clock_groups or set_false_path.

    Location             Delay type                Incr(ns)  Path(ns)    Netlist Resource(s)
  -------------------------------------------------------------------    -------------------
                         (clock clk_out1_design_1_clk_pix_0 rise edge)
                                                      0.000     0.000 r  
    H16                                               0.000     0.000 r  sysclk (IN)
                         net (fo=0)                   0.000     0.000    design_1_i/clk_pix/inst/clk_in1
    H16                  IBUF (Prop_ibuf_I_O)         1.457     1.457 r  design_1_i/clk_pix/inst/clkin1_ibufg/O
                         net (fo=1, routed)           1.285     2.742    design_1_i/clk_pix/inst/clk_in1_design_1_clk_pix_0
    MMCME2_ADV_X0Y1      MMCME2_ADV (Prop_mmcme2_adv_CLKIN1_CLKOUT0)
                                                     -6.996    -4.254 r  design_1_i/clk_pix/inst/mmcm_adv_inst/CLKOUT0
                         net (fo=1, routed)           1.760    -2.494    design_1_i/clk_pix/inst/clk_out1_design_1_clk_pix_0
    BUFGCTRL_X0Y16       BUFG (Prop_bufg_I_O)         0.101    -2.393 r  design_1_i/clk_pix/inst/clkout1_buf/O
                         net (fo=8142, routed)        1.656    -0.737    design_1_i/rst_pix/U0/slowest_sync_clk
    SLICE_X34Y87         FDRE                                         r  design_1_i/rst_pix/U0/ACTIVE_LOW_PR_OUT_DFF[0].FDRE_PER_N/C
  -------------------------------------------------------------------    -------------------
    SLICE_X34Y87         FDRE (Prop_fdre_C_Q)         0.518    -0.219 r  design_1_i/rst_pix/U0/ACTIVE_LOW_PR_OUT_DFF[0].FDRE_PER_N/Q
                         net (fo=47, routed)          0.898     0.679    design_1_i/video/U0/u_chain/u_gauss/u_conv/u_win/resetn
    SLICE_X31Y85         LUT1 (Prop_lut1_I0_O)        0.124     0.803 f  design_1_i/video/U0/u_chain/u_gauss/u_conv/u_win/s0_start_r_i_2/O
                         net (fo=1781, routed)       12.297    13.100    design_1_i/video/U0/u_tpg/y_reg[0]_0
    SLICE_X41Y19         FDCE                                         f  design_1_i/video/U0/u_tpg/x_reg[1]/CLR
  -------------------------------------------------------------------    -------------------

                         (clock clk_out1_design_1_clk_pix_0_1 rise edge)
                                                     39.724    39.724 r  
    H16                                               0.000    39.724 r  sysclk (IN)
                         net (fo=0)                   0.000    39.724    design_1_i/clk_pix/inst/clk_in1
    H16                  IBUF (Prop_ibuf_I_O)         1.387    41.110 r  design_1_i/clk_pix/inst/clkin1_ibufg/O
                         net (fo=1, routed)           1.162    42.272    design_1_i/clk_pix/inst/clk_in1_design_1_clk_pix_0
    MMCME2_ADV_X0Y1      MMCME2_ADV (Prop_mmcme2_adv_CLKIN1_CLKOUT0)
                                                     -7.105    35.168 r  design_1_i/clk_pix/inst/mmcm_adv_inst/CLKOUT0
                         net (fo=1, routed)           1.599    36.767    design_1_i/clk_pix/inst/clk_out1_design_1_clk_pix_0
    BUFGCTRL_X0Y16       BUFG (Prop_bufg_I_O)         0.091    36.858 r  design_1_i/clk_pix/inst/clkout1_buf/O
                         net (fo=8142, routed)        1.568    38.426    design_1_i/video/U0/u_tpg/clk
    SLICE_X41Y19         FDCE                                         r  design_1_i/video/U0/u_tpg/x_reg[1]/C
                         clock pessimism              0.473    38.899    
                         clock uncertainty           -0.145    38.754    
    SLICE_X41Y19         FDCE (Recov_fdce_C_CLR)     -0.405    38.349    design_1_i/video/U0/u_tpg/x_reg[1]
  -------------------------------------------------------------------
                         required time                         38.349    
                         arrival time                         -13.100    
  -------------------------------------------------------------------
                         slack                                 25.249    





Min Delay Paths
--------------------------------------------------------------------------------------
Slack (MET) :             0.077ns  (arrival time - required time)
  Source:                 design_1_i/ps7_0_axi_periph/s01_couplers/auto_cc/inst/gen_clock_conv.gen_async_conv.asyncfifo_axi/inst_fifo_gen/gaxi_full_lite.gread_ch.grach2.axi_rach/grf.rf/rstblk/grstd1.grst_full.grst_f.rst_d2_reg/C
                            (rising edge-triggered cell FDPE clocked by clk_out1_design_1_clk_pix_0  {rise@0.000ns fall@19.862ns period=39.724ns})
  Destination:            design_1_i/ps7_0_axi_periph/s01_couplers/auto_cc/inst/gen_clock_conv.gen_async_conv.asyncfifo_axi/inst_fifo_gen/gaxi_full_lite.gread_ch.grach2.axi_rach/grf.rf/gntv_or_sync_fifo.gl0.wr/gwas.wsts/ram_full_fb_i_reg/PRE
                            (removal check against rising-edge clock clk_out1_design_1_clk_pix_0_1  {rise@0.000ns fall@19.862ns period=39.724ns})
  Path Group:             **async_default**
  Path Type:              Removal (Min at Fast Process Corner)
  Requirement:            0.000ns  (clk_out1_design_1_clk_pix_0_1 rise@0.000ns - clk_out1_design_1_clk_pix_0 rise@0.000ns)
  Data Path Delay:        0.365ns  (logic 0.148ns (40.571%)  route 0.217ns (59.429%))
  Logic Levels:           0  
  Clock Path Skew:        0.266ns (DCD - SCD - CPR)
    Destination Clock Delay (DCD):    -0.770ns
    Source Clock Delay      (SCD):    -0.539ns
    Clock Pessimism Removal (CPR):    -0.498ns
  Clock Uncertainty:      0.145ns  ((TSJ^2 + DJ^2)^1/2) / 2 + PE
    Total System Jitter     (TSJ):    0.071ns
    Discrete Jitter          (DJ):    0.281ns
    Phase Error              (PE):    0.000ns
  Clock Domain Crossing:  Inter clock paths are considered valid unless explicitly excluded by timing constraints such as set_clock_groups or set_false_path.

    Location             Delay type                Incr(ns)  Path(ns)    Netlist Resource(s)
  -------------------------------------------------------------------    -------------------
                         (clock clk_out1_design_1_clk_pix_0 rise edge)
                                                      0.000     0.000 r  
    H16                                               0.000     0.000 r  sysclk (IN)
                         net (fo=0)                   0.000     0.000    design_1_i/clk_pix/inst/clk_in1
    H16                  IBUF (Prop_ibuf_I_O)         0.225     0.225 r  design_1_i/clk_pix/inst/clkin1_ibufg/O
                         net (fo=1, routed)           0.440     0.665    design_1_i/clk_pix/inst/clk_in1_design_1_clk_pix_0
    MMCME2_ADV_X0Y1      MMCME2_ADV (Prop_mmcme2_adv_CLKIN1_CLKOUT0)
                                                     -2.268    -1.602 r  design_1_i/clk_pix/inst/mmcm_adv_inst/CLKOUT0
                         net (fo=1, routed)           0.482    -1.120    design_1_i/clk_pix/inst/clk_out1_design_1_clk_pix_0
    BUFGCTRL_X0Y16       BUFG (Prop_bufg_I_O)         0.026    -1.094 r  design_1_i/clk_pix/inst/clkout1_buf/O
                         net (fo=8142, routed)        0.556    -0.539    design_1_i/ps7_0_axi_periph/s01_couplers/auto_cc/inst/gen_clock_conv.gen_async_conv.asyncfifo_axi/inst_fifo_gen/gaxi_full_lite.gread_ch.grach2.axi_rach/grf.rf/rstblk/s_aclk
    SLICE_X24Y54         FDPE                                         r  design_1_i/ps7_0_axi_periph/s01_couplers/auto_cc/inst/gen_clock_conv.gen_async_conv.asyncfifo_axi/inst_fifo_gen/gaxi_full_lite.gread_ch.grach2.axi_rach/grf.rf/rstblk/grstd1.grst_full.grst_f.rst_d2_reg/C
  -------------------------------------------------------------------    -------------------
    SLICE_X24Y54         FDPE (Prop_fdpe_C_Q)         0.148    -0.391 f  design_1_i/ps7_0_axi_periph/s01_couplers/auto_cc/inst/gen_clock_conv.gen_async_conv.asyncfifo_axi/inst_fifo_gen/gaxi_full_lite.gread_ch.grach2.axi_rach/grf.rf/rstblk/grstd1.grst_full.grst_f.rst_d2_reg/Q
                         net (fo=3, routed)           0.217    -0.174    design_1_i/ps7_0_axi_periph/s01_couplers/auto_cc/inst/gen_clock_conv.gen_async_conv.asyncfifo_axi/inst_fifo_gen/gaxi_full_lite.gread_ch.grach2.axi_rach/grf.rf/gntv_or_sync_fifo.gl0.wr/gwas.wsts/out
    SLICE_X20Y54         FDPE                                         f  design_1_i/ps7_0_axi_periph/s01_couplers/auto_cc/inst/gen_clock_conv.gen_async_conv.asyncfifo_axi/inst_fifo_gen/gaxi_full_lite.gread_ch.grach2.axi_rach/grf.rf/gntv_or_sync_fifo.gl0.wr/gwas.wsts/ram_full_fb_i_reg/PRE
  -------------------------------------------------------------------    -------------------

                         (clock clk_out1_design_1_clk_pix_0_1 rise edge)
                                                      0.000     0.000 r  
    H16                                               0.000     0.000 r  sysclk (IN)
                         net (fo=0)                   0.000     0.000    design_1_i/clk_pix/inst/clk_in1
    H16                  IBUF (Prop_ibuf_I_O)         0.413     0.413 r  design_1_i/clk_pix/inst/clkin1_ibufg/O
                         net (fo=1, routed)           0.480     0.893    design_1_i/clk_pix/inst/clk_in1_design_1_clk_pix_0
    MMCME2_ADV_X0Y1      MMCME2_ADV (Prop_mmcme2_adv_CLKIN1_CLKOUT0)
                                                     -3.047    -2.154 r  design_1_i/clk_pix/inst/mmcm_adv_inst/CLKOUT0
                         net (fo=1, routed)           0.528    -1.626    design_1_i/clk_pix/inst/clk_out1_design_1_clk_pix_0
    BUFGCTRL_X0Y16       BUFG (Prop_bufg_I_O)         0.029    -1.597 r  design_1_i/clk_pix/inst/clkout1_buf/O
                         net (fo=8142, routed)        0.827    -0.770    design_1_i/ps7_0_axi_periph/s01_couplers/auto_cc/inst/gen_clock_conv.gen_async_conv.asyncfifo_axi/inst_fifo_gen/gaxi_full_lite.gread_ch.grach2.axi_rach/grf.rf/gntv_or_sync_fifo.gl0.wr/gwas.wsts/s_aclk
    SLICE_X20Y54         FDPE                                         r  design_1_i/ps7_0_axi_periph/s01_couplers/auto_cc/inst/gen_clock_conv.gen_async_conv.asyncfifo_axi/inst_fifo_gen/gaxi_full_lite.gread_ch.grach2.axi_rach/grf.rf/gntv_or_sync_fifo.gl0.wr/gwas.wsts/ram_full_fb_i_reg/C
                         clock pessimism              0.498    -0.272    
                         clock uncertainty            0.145    -0.127    
    SLICE_X20Y54         FDPE (Remov_fdpe_C_PRE)     -0.124    -0.251    design_1_i/ps7_0_axi_periph/s01_couplers/auto_cc/inst/gen_clock_conv.gen_async_conv.asyncfifo_axi/inst_fifo_gen/gaxi_full_lite.gread_ch.grach2.axi_rach/grf.rf/gntv_or_sync_fifo.gl0.wr/gwas.wsts/ram_full_fb_i_reg
  -------------------------------------------------------------------
                         required time                          0.251    
                         arrival time                          -0.174    
  -------------------------------------------------------------------
                         slack                                  0.077    





---------------------------------------------------------------------------------------------------
Path Group:  **async_default**
From Clock:  clk_out1_design_1_clk_pix_0_1
  To Clock:  clk_out1_design_1_clk_pix_0_1

Setup :            0  Failing Endpoints,  Worst Slack       25.251ns,  Total Violation        0.000ns
Hold  :            0  Failing Endpoints,  Worst Slack        0.222ns,  Total Violation        0.000ns
---------------------------------------------------------------------------------------------------


Max Delay Paths
--------------------------------------------------------------------------------------
Slack (MET) :             25.251ns  (required time - arrival time)
  Source:                 design_1_i/rst_pix/U0/ACTIVE_LOW_PR_OUT_DFF[0].FDRE_PER_N/C
                            (rising edge-triggered cell FDRE clocked by clk_out1_design_1_clk_pix_0_1  {rise@0.000ns fall@19.862ns period=39.724ns})
  Destination:            design_1_i/video/U0/u_tpg/x_reg[1]/CLR
                            (recovery check against rising-edge clock clk_out1_design_1_clk_pix_0_1  {rise@0.000ns fall@19.862ns period=39.724ns})
  Path Group:             **async_default**
  Path Type:              Recovery (Max at Slow Process Corner)
  Requirement:            39.724ns  (clk_out1_design_1_clk_pix_0_1 rise@39.724ns - clk_out1_design_1_clk_pix_0_1 rise@0.000ns)
  Data Path Delay:        13.837ns  (logic 0.642ns (4.640%)  route 13.195ns (95.360%))
  Logic Levels:           1  (LUT1=1)
  Clock Path Skew:        -0.088ns (DCD - SCD + CPR)
    Destination Clock Delay (DCD):    -1.298ns = ( 38.426 - 39.724 ) 
    Source Clock Delay      (SCD):    -0.737ns
    Clock Pessimism Removal (CPR):    0.473ns
  Clock Uncertainty:      0.144ns  ((TSJ^2 + DJ^2)^1/2) / 2 + PE
    Total System Jitter     (TSJ):    0.071ns
    Discrete Jitter          (DJ):    0.278ns
    Phase Error              (PE):    0.000ns

    Location             Delay type                Incr(ns)  Path(ns)    Netlist Resource(s)
  -------------------------------------------------------------------    -------------------
                         (clock clk_out1_design_1_clk_pix_0_1 rise edge)
                                                      0.000     0.000 r  
    H16                                               0.000     0.000 r  sysclk (IN)
                         net (fo=0)                   0.000     0.000    design_1_i/clk_pix/inst/clk_in1
    H16                  IBUF (Prop_ibuf_I_O)         1.457     1.457 r  design_1_i/clk_pix/inst/clkin1_ibufg/O
                         net (fo=1, routed)           1.285     2.742    design_1_i/clk_pix/inst/clk_in1_design_1_clk_pix_0
    MMCME2_ADV_X0Y1      MMCME2_ADV (Prop_mmcme2_adv_CLKIN1_CLKOUT0)
                                                     -6.996    -4.254 r  design_1_i/clk_pix/inst/mmcm_adv_inst/CLKOUT0
                         net (fo=1, routed)           1.760    -2.494    design_1_i/clk_pix/inst/clk_out1_design_1_clk_pix_0
    BUFGCTRL_X0Y16       BUFG (Prop_bufg_I_O)         0.101    -2.393 r  design_1_i/clk_pix/inst/clkout1_buf/O
                         net (fo=8142, routed)        1.656    -0.737    design_1_i/rst_pix/U0/slowest_sync_clk
    SLICE_X34Y87         FDRE                                         r  design_1_i/rst_pix/U0/ACTIVE_LOW_PR_OUT_DFF[0].FDRE_PER_N/C
  -------------------------------------------------------------------    -------------------
    SLICE_X34Y87         FDRE (Prop_fdre_C_Q)         0.518    -0.219 r  design_1_i/rst_pix/U0/ACTIVE_LOW_PR_OUT_DFF[0].FDRE_PER_N/Q
                         net (fo=47, routed)          0.898     0.679    design_1_i/video/U0/u_chain/u_gauss/u_conv/u_win/resetn
    SLICE_X31Y85         LUT1 (Prop_lut1_I0_O)        0.124     0.803 f  design_1_i/video/U0/u_chain/u_gauss/u_conv/u_win/s0_start_r_i_2/O
                         net (fo=1781, routed)       12.297    13.100    design_1_i/video/U0/u_tpg/y_reg[0]_0
    SLICE_X41Y19         FDCE                                         f  design_1_i/video/U0/u_tpg/x_reg[1]/CLR
  -------------------------------------------------------------------    -------------------

                         (clock clk_out1_design_1_clk_pix_0_1 rise edge)
                                                     39.724    39.724 r  
    H16                                               0.000    39.724 r  sysclk (IN)
                         net (fo=0)                   0.000    39.724    design_1_i/clk_pix/inst/clk_in1
    H16                  IBUF (Prop_ibuf_I_O)         1.387    41.110 r  design_1_i/clk_pix/inst/clkin1_ibufg/O
                         net (fo=1, routed)           1.162    42.272    design_1_i/clk_pix/inst/clk_in1_design_1_clk_pix_0
    MMCME2_ADV_X0Y1      MMCME2_ADV (Prop_mmcme2_adv_CLKIN1_CLKOUT0)
                                                     -7.105    35.168 r  design_1_i/clk_pix/inst/mmcm_adv_inst/CLKOUT0
                         net (fo=1, routed)           1.599    36.767    design_1_i/clk_pix/inst/clk_out1_design_1_clk_pix_0
    BUFGCTRL_X0Y16       BUFG (Prop_bufg_I_O)         0.091    36.858 r  design_1_i/clk_pix/inst/clkout1_buf/O
                         net (fo=8142, routed)        1.568    38.426    design_1_i/video/U0/u_tpg/clk
    SLICE_X41Y19         FDCE                                         r  design_1_i/video/U0/u_tpg/x_reg[1]/C
                         clock pessimism              0.473    38.899    
                         clock uncertainty           -0.144    38.756    
    SLICE_X41Y19         FDCE (Recov_fdce_C_CLR)     -0.405    38.351    design_1_i/video/U0/u_tpg/x_reg[1]
  -------------------------------------------------------------------
                         required time                         38.351    
                         arrival time                         -13.100    
  -------------------------------------------------------------------
                         slack                                 25.251    





Min Delay Paths
--------------------------------------------------------------------------------------
Slack (MET) :             0.222ns  (arrival time - required time)
  Source:                 design_1_i/ps7_0_axi_periph/s01_couplers/auto_cc/inst/gen_clock_conv.gen_async_conv.asyncfifo_axi/inst_fifo_gen/gaxi_full_lite.gread_ch.grach2.axi_rach/grf.rf/rstblk/grstd1.grst_full.grst_f.rst_d2_reg/C
                            (rising edge-triggered cell FDPE clocked by clk_out1_design_1_clk_pix_0_1  {rise@0.000ns fall@19.862ns period=39.724ns})
  Destination:            design_1_i/ps7_0_axi_periph/s01_couplers/auto_cc/inst/gen_clock_conv.gen_async_conv.asyncfifo_axi/inst_fifo_gen/gaxi_full_lite.gread_ch.grach2.axi_rach/grf.rf/gntv_or_sync_fifo.gl0.wr/gwas.wsts/ram_full_fb_i_reg/PRE
                            (removal check against rising-edge clock clk_out1_design_1_clk_pix_0_1  {rise@0.000ns fall@19.862ns period=39.724ns})
  Path Group:             **async_default**
  Path Type:              Removal (Min at Fast Process Corner)
  Requirement:            0.000ns  (clk_out1_design_1_clk_pix_0_1 rise@0.000ns - clk_out1_design_1_clk_pix_0_1 rise@0.000ns)
  Data Path Delay:        0.365ns  (logic 0.148ns (40.571%)  route 0.217ns (59.429%))
  Logic Levels:           0  
  Clock Path Skew:        0.266ns (DCD - SCD - CPR)
    Destination Clock Delay (DCD):    -0.770ns
    Source Clock Delay      (SCD):    -0.539ns
    Clock Pessimism Removal (CPR):    -0.498ns

    Location             Delay type                Incr(ns)  Path(ns)    Netlist Resource(s)
  -------------------------------------------------------------------    -------------------
                         (clock clk_out1_design_1_clk_pix_0_1 rise edge)
                                                      0.000     0.000 r  
    H16                                               0.000     0.000 r  sysclk (IN)
                         net (fo=0)                   0.000     0.000    design_1_i/clk_pix/inst/clk_in1
    H16                  IBUF (Prop_ibuf_I_O)         0.225     0.225 r  design_1_i/clk_pix/inst/clkin1_ibufg/O
                         net (fo=1, routed)           0.440     0.665    design_1_i/clk_pix/inst/clk_in1_design_1_clk_pix_0
    MMCME2_ADV_X0Y1      MMCME2_ADV (Prop_mmcme2_adv_CLKIN1_CLKOUT0)
                                                     -2.268    -1.602 r  design_1_i/clk_pix/inst/mmcm_adv_inst/CLKOUT0
                         net (fo=1, routed)           0.482    -1.120    design_1_i/clk_pix/inst/clk_out1_design_1_clk_pix_0
    BUFGCTRL_X0Y16       BUFG (Prop_bufg_I_O)         0.026    -1.094 r  design_1_i/clk_pix/inst/clkout1_buf/O
                         net (fo=8142, routed)        0.556    -0.539    design_1_i/ps7_0_axi_periph/s01_couplers/auto_cc/inst/gen_clock_conv.gen_async_conv.asyncfifo_axi/inst_fifo_gen/gaxi_full_lite.gread_ch.grach2.axi_rach/grf.rf/rstblk/s_aclk
    SLICE_X24Y54         FDPE                                         r  design_1_i/ps7_0_axi_periph/s01_couplers/auto_cc/inst/gen_clock_conv.gen_async_conv.asyncfifo_axi/inst_fifo_gen/gaxi_full_lite.gread_ch.grach2.axi_rach/grf.rf/rstblk/grstd1.grst_full.grst_f.rst_d2_reg/C
  -------------------------------------------------------------------    -------------------
    SLICE_X24Y54         FDPE (Prop_fdpe_C_Q)         0.148    -0.391 f  design_1_i/ps7_0_axi_periph/s01_couplers/auto_cc/inst/gen_clock_conv.gen_async_conv.asyncfifo_axi/inst_fifo_gen/gaxi_full_lite.gread_ch.grach2.axi_rach/grf.rf/rstblk/grstd1.grst_full.grst_f.rst_d2_reg/Q
                         net (fo=3, routed)           0.217    -0.174    design_1_i/ps7_0_axi_periph/s01_couplers/auto_cc/inst/gen_clock_conv.gen_async_conv.asyncfifo_axi/inst_fifo_gen/gaxi_full_lite.gread_ch.grach2.axi_rach/grf.rf/gntv_or_sync_fifo.gl0.wr/gwas.wsts/out
    SLICE_X20Y54         FDPE                                         f  design_1_i/ps7_0_axi_periph/s01_couplers/auto_cc/inst/gen_clock_conv.gen_async_conv.asyncfifo_axi/inst_fifo_gen/gaxi_full_lite.gread_ch.grach2.axi_rach/grf.rf/gntv_or_sync_fifo.gl0.wr/gwas.wsts/ram_full_fb_i_reg/PRE
  -------------------------------------------------------------------    -------------------

                         (clock clk_out1_design_1_clk_pix_0_1 rise edge)
                                                      0.000     0.000 r  
    H16                                               0.000     0.000 r  sysclk (IN)
                         net (fo=0)                   0.000     0.000    design_1_i/clk_pix/inst/clk_in1
    H16                  IBUF (Prop_ibuf_I_O)         0.413     0.413 r  design_1_i/clk_pix/inst/clkin1_ibufg/O
                         net (fo=1, routed)           0.480     0.893    design_1_i/clk_pix/inst/clk_in1_design_1_clk_pix_0
    MMCME2_ADV_X0Y1      MMCME2_ADV (Prop_mmcme2_adv_CLKIN1_CLKOUT0)
                                                     -3.047    -2.154 r  design_1_i/clk_pix/inst/mmcm_adv_inst/CLKOUT0
                         net (fo=1, routed)           0.528    -1.626    design_1_i/clk_pix/inst/clk_out1_design_1_clk_pix_0
    BUFGCTRL_X0Y16       BUFG (Prop_bufg_I_O)         0.029    -1.597 r  design_1_i/clk_pix/inst/clkout1_buf/O
                         net (fo=8142, routed)        0.827    -0.770    design_1_i/ps7_0_axi_periph/s01_couplers/auto_cc/inst/gen_clock_conv.gen_async_conv.asyncfifo_axi/inst_fifo_gen/gaxi_full_lite.gread_ch.grach2.axi_rach/grf.rf/gntv_or_sync_fifo.gl0.wr/gwas.wsts/s_aclk
    SLICE_X20Y54         FDPE                                         r  design_1_i/ps7_0_axi_periph/s01_couplers/auto_cc/inst/gen_clock_conv.gen_async_conv.asyncfifo_axi/inst_fifo_gen/gaxi_full_lite.gread_ch.grach2.axi_rach/grf.rf/gntv_or_sync_fifo.gl0.wr/gwas.wsts/ram_full_fb_i_reg/C
                         clock pessimism              0.498    -0.272    
    SLICE_X20Y54         FDPE (Remov_fdpe_C_PRE)     -0.124    -0.396    design_1_i/ps7_0_axi_periph/s01_couplers/auto_cc/inst/gen_clock_conv.gen_async_conv.asyncfifo_axi/inst_fifo_gen/gaxi_full_lite.gread_ch.grach2.axi_rach/grf.rf/gntv_or_sync_fifo.gl0.wr/gwas.wsts/ram_full_fb_i_reg
  -------------------------------------------------------------------
                         required time                          0.396    
                         arrival time                          -0.174    
  -------------------------------------------------------------------
                         slack                                  0.222    





